slice_file_name,class
/home/maulik/Desktop/Maulik_Gupta/Documents/jatayu_open-unmix-discontinued/datasets/data/train/crow_call/XC11504_0.wav,crow
/home/maulik/Desktop/Maulik_Gupta/Documents/jatayu_open-unmix-discontinued/datasets/data/train/crow_call/XC11504_1.wav,crow
/home/maulik/Desktop/Maulik_Gupta/Documents/jatayu_open-unmix-discontinued/datasets/data/train/crow_call/XC11504_2.wav,crow
/home/maulik/Desktop/Maulik_Gupta/Documents/jatayu_open-unmix-discontinued/datasets/data/train/crow_call/XC11504_3.wav,crow
/home/maulik/Desktop/Maulik_Gupta/Documents/jatayu_open-unmix-discontinued/datasets/data/train/crow_call/XC11504_4.wav,crow
/home/maulik/Desktop/Maulik_Gupta/Documents/jatayu_open-unmix-discontinued/datasets/data/train/crow_call/XC11504_5.wav,crow
/home/maulik/Desktop/Maulik_Gupta/Documents/jatayu_open-unmix-discontinued/datasets/data/train/crow_call/XC11504_6.wav,crow
/home/maulik/Desktop/Maulik_Gupta/Documents/jatayu_open-unmix-discontinued/datasets/data/train/crow_call/XC11504_7.wav,crow
/home/maulik/Desktop/Maulik_Gupta/Documents/jatayu_open-unmix-discontinued/datasets/data/train/crow_call/XC11504_8.wav,crow
/home/maulik/Desktop/Maulik_Gupta/Documents/jatayu_open-unmix-discontinued/datasets/data/train/crow_call/XC11504_9.wav,crow
/home/maulik/Desktop/Maulik_Gupta/Documents/jatayu_open-unmix-discontinued/datasets/data/train/crow_call/XC11504_10.wav,crow
/home/maulik/Desktop/Maulik_Gupta/Documents/jatayu_open-unmix-discontinued/datasets/data/train/crow_call/XC11504_11.wav,crow
/home/maulik/Desktop/Maulik_Gupta/Documents/jatayu_open-unmix-discontinued/datasets/data/train/crow_call/XC11504_12.wav,crow
/home/maulik/Desktop/Maulik_Gupta/Documents/jatayu_open-unmix-discontinued/datasets/data/train/crow_call/XC37649_0.wav,crow
/home/maulik/Desktop/Maulik_Gupta/Documents/jatayu_open-unmix-discontinued/datasets/data/train/crow_call/XC37649_1.wav,crow
/home/maulik/Desktop/Maulik_Gupta/Documents/jatayu_open-unmix-discontinued/datasets/data/train/crow_call/XC37649_2.wav,crow
/home/maulik/Desktop/Maulik_Gupta/Documents/jatayu_open-unmix-discontinued/datasets/data/train/crow_call/XC37649_3.wav,crow
/home/maulik/Desktop/Maulik_Gupta/Documents/jatayu_open-unmix-discontinued/datasets/data/train/crow_call/XC37649_4.wav,crow
/home/maulik/Desktop/Maulik_Gupta/Documents/jatayu_open-unmix-discontinued/datasets/data/train/crow_call/XC37651_0.wav,crow
/home/maulik/Desktop/Maulik_Gupta/Documents/jatayu_open-unmix-discontinued/datasets/data/train/crow_call/XC37651_1.wav,crow
/home/maulik/Desktop/Maulik_Gupta/Documents/jatayu_open-unmix-discontinued/datasets/data/train/crow_call/XC37651_2.wav,crow
/home/maulik/Desktop/Maulik_Gupta/Documents/jatayu_open-unmix-discontinued/datasets/data/train/crow_call/XC37651_3.wav,crow
/home/maulik/Desktop/Maulik_Gupta/Documents/jatayu_open-unmix-discontinued/datasets/data/train/crow_call/XC37651_4.wav,crow
/home/maulik/Desktop/Maulik_Gupta/Documents/jatayu_open-unmix-discontinued/datasets/data/train/crow_call/XC37651_5.wav,crow
/home/maulik/Desktop/Maulik_Gupta/Documents/jatayu_open-unmix-discontinued/datasets/data/train/crow_call/XC71555_0.wav,crow
/home/maulik/Desktop/Maulik_Gupta/Documents/jatayu_open-unmix-discontinued/datasets/data/train/crow_call/XC71555_1.wav,crow
/home/maulik/Desktop/Maulik_Gupta/Documents/jatayu_open-unmix-discontinued/datasets/data/train/crow_call/XC71555_2.wav,crow
/home/maulik/Desktop/Maulik_Gupta/Documents/jatayu_open-unmix-discontinued/datasets/data/train/crow_call/XC71555_3.wav,crow
/home/maulik/Desktop/Maulik_Gupta/Documents/jatayu_open-unmix-discontinued/datasets/data/train/crow_call/XC71555_4.wav,crow
/home/maulik/Desktop/Maulik_Gupta/Documents/jatayu_open-unmix-discontinued/datasets/data/train/crow_call/XC71555_5.wav,crow
/home/maulik/Desktop/Maulik_Gupta/Documents/jatayu_open-unmix-discontinued/datasets/data/train/crow_call/XC71555_6.wav,crow
/home/maulik/Desktop/Maulik_Gupta/Documents/jatayu_open-unmix-discontinued/datasets/data/train/crow_call/XC71555_7.wav,crow
/home/maulik/Desktop/Maulik_Gupta/Documents/jatayu_open-unmix-discontinued/datasets/data/train/crow_call/XC71555_8.wav,crow
/home/maulik/Desktop/Maulik_Gupta/Documents/jatayu_open-unmix-discontinued/datasets/data/train/crow_call/XC71555_9.wav,crow
/home/maulik/Desktop/Maulik_Gupta/Documents/jatayu_open-unmix-discontinued/datasets/data/train/crow_call/XC71555_10.wav,crow
/home/maulik/Desktop/Maulik_Gupta/Documents/jatayu_open-unmix-discontinued/datasets/data/train/crow_call/XC122380_0.wav,crow
/home/maulik/Desktop/Maulik_Gupta/Documents/jatayu_open-unmix-discontinued/datasets/data/train/crow_call/XC122380_1.wav,crow
/home/maulik/Desktop/Maulik_Gupta/Documents/jatayu_open-unmix-discontinued/datasets/data/train/crow_call/XC122380_2.wav,crow
/home/maulik/Desktop/Maulik_Gupta/Documents/jatayu_open-unmix-discontinued/datasets/data/train/crow_call/XC122380_3.wav,crow
/home/maulik/Desktop/Maulik_Gupta/Documents/jatayu_open-unmix-discontinued/datasets/data/train/crow_call/XC122380_4.wav,crow
/home/maulik/Desktop/Maulik_Gupta/Documents/jatayu_open-unmix-discontinued/datasets/data/train/crow_call/XC122380_5.wav,crow
/home/maulik/Desktop/Maulik_Gupta/Documents/jatayu_open-unmix-discontinued/datasets/data/train/crow_call/XC122380_6.wav,crow
/home/maulik/Desktop/Maulik_Gupta/Documents/jatayu_open-unmix-discontinued/datasets/data/train/crow_call/XC122380_7.wav,crow
/home/maulik/Desktop/Maulik_Gupta/Documents/jatayu_open-unmix-discontinued/datasets/data/train/crow_call/XC122380_8.wav,crow
/home/maulik/Desktop/Maulik_Gupta/Documents/jatayu_open-unmix-discontinued/datasets/data/train/crow_call/XC122380_9.wav,crow
/home/maulik/Desktop/Maulik_Gupta/Documents/jatayu_open-unmix-discontinued/datasets/data/train/crow_call/XC122380_10.wav,crow
/home/maulik/Desktop/Maulik_Gupta/Documents/jatayu_open-unmix-discontinued/datasets/data/train/crow_call/XC122380_11.wav,crow
/home/maulik/Desktop/Maulik_Gupta/Documents/jatayu_open-unmix-discontinued/datasets/data/train/crow_call/XC122380_12.wav,crow
/home/maulik/Desktop/Maulik_Gupta/Documents/jatayu_open-unmix-discontinued/datasets/data/train/crow_call/XC122380_13.wav,crow
/home/maulik/Desktop/Maulik_Gupta/Documents/jatayu_open-unmix-discontinued/datasets/data/train/crow_call/XC172879_0.wav,crow
/home/maulik/Desktop/Maulik_Gupta/Documents/jatayu_open-unmix-discontinued/datasets/data/train/crow_call/XC172879_1.wav,crow
/home/maulik/Desktop/Maulik_Gupta/Documents/jatayu_open-unmix-discontinued/datasets/data/train/crow_call/XC172879_2.wav,crow
/home/maulik/Desktop/Maulik_Gupta/Documents/jatayu_open-unmix-discontinued/datasets/data/train/crow_call/XC172879_3.wav,crow
/home/maulik/Desktop/Maulik_Gupta/Documents/jatayu_open-unmix-discontinued/datasets/data/train/crow_call/XC172879_4.wav,crow
/home/maulik/Desktop/Maulik_Gupta/Documents/jatayu_open-unmix-discontinued/datasets/data/train/crow_call/XC175267_0.wav,crow
/home/maulik/Desktop/Maulik_Gupta/Documents/jatayu_open-unmix-discontinued/datasets/data/train/crow_call/XC175267_1.wav,crow
/home/maulik/Desktop/Maulik_Gupta/Documents/jatayu_open-unmix-discontinued/datasets/data/train/crow_call/XC182074_0.wav,crow
/home/maulik/Desktop/Maulik_Gupta/Documents/jatayu_open-unmix-discontinued/datasets/data/train/crow_call/XC182074_1.wav,crow
/home/maulik/Desktop/Maulik_Gupta/Documents/jatayu_open-unmix-discontinued/datasets/data/train/crow_call/XC182074_2.wav,crow
/home/maulik/Desktop/Maulik_Gupta/Documents/jatayu_open-unmix-discontinued/datasets/data/train/crow_call/XC182074_3.wav,crow
/home/maulik/Desktop/Maulik_Gupta/Documents/jatayu_open-unmix-discontinued/datasets/data/train/crow_call/XC182074_4.wav,crow
/home/maulik/Desktop/Maulik_Gupta/Documents/jatayu_open-unmix-discontinued/datasets/data/train/crow_call/XC182074_5.wav,crow
/home/maulik/Desktop/Maulik_Gupta/Documents/jatayu_open-unmix-discontinued/datasets/data/train/crow_call/XC182074_6.wav,crow
/home/maulik/Desktop/Maulik_Gupta/Documents/jatayu_open-unmix-discontinued/datasets/data/train/crow_call/XC182074_7.wav,crow
/home/maulik/Desktop/Maulik_Gupta/Documents/jatayu_open-unmix-discontinued/datasets/data/train/crow_call/XC182074_8.wav,crow
/home/maulik/Desktop/Maulik_Gupta/Documents/jatayu_open-unmix-discontinued/datasets/data/train/crow_call/XC182074_9.wav,crow
/home/maulik/Desktop/Maulik_Gupta/Documents/jatayu_open-unmix-discontinued/datasets/data/train/crow_call/XC182074_10.wav,crow
/home/maulik/Desktop/Maulik_Gupta/Documents/jatayu_open-unmix-discontinued/datasets/data/train/crow_call/XC182074_11.wav,crow
/home/maulik/Desktop/Maulik_Gupta/Documents/jatayu_open-unmix-discontinued/datasets/data/train/crow_call/XC182074_12.wav,crow
/home/maulik/Desktop/Maulik_Gupta/Documents/jatayu_open-unmix-discontinued/datasets/data/train/crow_call/XC182074_13.wav,crow
/home/maulik/Desktop/Maulik_Gupta/Documents/jatayu_open-unmix-discontinued/datasets/data/train/crow_call/XC182074_14.wav,crow
/home/maulik/Desktop/Maulik_Gupta/Documents/jatayu_open-unmix-discontinued/datasets/data/train/crow_call/XC182074_15.wav,crow
/home/maulik/Desktop/Maulik_Gupta/Documents/jatayu_open-unmix-discontinued/datasets/data/train/crow_call/XC182074_16.wav,crow
/home/maulik/Desktop/Maulik_Gupta/Documents/jatayu_open-unmix-discontinued/datasets/data/train/crow_call/XC182074_17.wav,crow
/home/maulik/Desktop/Maulik_Gupta/Documents/jatayu_open-unmix-discontinued/datasets/data/train/crow_call/XC182074_18.wav,crow
/home/maulik/Desktop/Maulik_Gupta/Documents/jatayu_open-unmix-discontinued/datasets/data/train/crow_call/XC182074_19.wav,crow
/home/maulik/Desktop/Maulik_Gupta/Documents/jatayu_open-unmix-discontinued/datasets/data/train/crow_call/XC182074_20.wav,crow
/home/maulik/Desktop/Maulik_Gupta/Documents/jatayu_open-unmix-discontinued/datasets/data/train/crow_call/XC182074_21.wav,crow
/home/maulik/Desktop/Maulik_Gupta/Documents/jatayu_open-unmix-discontinued/datasets/data/train/crow_call/XC182074_22.wav,crow
/home/maulik/Desktop/Maulik_Gupta/Documents/jatayu_open-unmix-discontinued/datasets/data/train/crow_call/XC182074_23.wav,crow
/home/maulik/Desktop/Maulik_Gupta/Documents/jatayu_open-unmix-discontinued/datasets/data/train/crow_call/XC182074_24.wav,crow
/home/maulik/Desktop/Maulik_Gupta/Documents/jatayu_open-unmix-discontinued/datasets/data/train/crow_call/XC182074_25.wav,crow
/home/maulik/Desktop/Maulik_Gupta/Documents/jatayu_open-unmix-discontinued/datasets/data/train/crow_call/XC182074_26.wav,crow
/home/maulik/Desktop/Maulik_Gupta/Documents/jatayu_open-unmix-discontinued/datasets/data/train/crow_call/XC182074_27.wav,crow
/home/maulik/Desktop/Maulik_Gupta/Documents/jatayu_open-unmix-discontinued/datasets/data/train/crow_call/XC182074_28.wav,crow
/home/maulik/Desktop/Maulik_Gupta/Documents/jatayu_open-unmix-discontinued/datasets/data/train/crow_call/XC182074_29.wav,crow
/home/maulik/Desktop/Maulik_Gupta/Documents/jatayu_open-unmix-discontinued/datasets/data/train/crow_call/XC182074_30.wav,crow
/home/maulik/Desktop/Maulik_Gupta/Documents/jatayu_open-unmix-discontinued/datasets/data/train/crow_call/XC182074_31.wav,crow
/home/maulik/Desktop/Maulik_Gupta/Documents/jatayu_open-unmix-discontinued/datasets/data/train/crow_call/XC182074_32.wav,crow
/home/maulik/Desktop/Maulik_Gupta/Documents/jatayu_open-unmix-discontinued/datasets/data/train/crow_call/XC182074_33.wav,crow
/home/maulik/Desktop/Maulik_Gupta/Documents/jatayu_open-unmix-discontinued/datasets/data/train/crow_call/XC182074_34.wav,crow
/home/maulik/Desktop/Maulik_Gupta/Documents/jatayu_open-unmix-discontinued/datasets/data/train/crow_call/XC182074_35.wav,crow
/home/maulik/Desktop/Maulik_Gupta/Documents/jatayu_open-unmix-discontinued/datasets/data/train/crow_call/XC182074_36.wav,crow
/home/maulik/Desktop/Maulik_Gupta/Documents/jatayu_open-unmix-discontinued/datasets/data/train/crow_call/XC182074_37.wav,crow
/home/maulik/Desktop/Maulik_Gupta/Documents/jatayu_open-unmix-discontinued/datasets/data/train/crow_call/XC182074_38.wav,crow
/home/maulik/Desktop/Maulik_Gupta/Documents/jatayu_open-unmix-discontinued/datasets/data/train/crow_call/XC182074_39.wav,crow
/home/maulik/Desktop/Maulik_Gupta/Documents/jatayu_open-unmix-discontinued/datasets/data/train/crow_call/XC182074_40.wav,crow
/home/maulik/Desktop/Maulik_Gupta/Documents/jatayu_open-unmix-discontinued/datasets/data/train/crow_call/XC182074_41.wav,crow
/home/maulik/Desktop/Maulik_Gupta/Documents/jatayu_open-unmix-discontinued/datasets/data/train/crow_call/XC193113_0.wav,crow
/home/maulik/Desktop/Maulik_Gupta/Documents/jatayu_open-unmix-discontinued/datasets/data/train/crow_call/XC193113_1.wav,crow
/home/maulik/Desktop/Maulik_Gupta/Documents/jatayu_open-unmix-discontinued/datasets/data/train/crow_call/XC193113_2.wav,crow
/home/maulik/Desktop/Maulik_Gupta/Documents/jatayu_open-unmix-discontinued/datasets/data/train/crow_call/XC193113_3.wav,crow
/home/maulik/Desktop/Maulik_Gupta/Documents/jatayu_open-unmix-discontinued/datasets/data/train/crow_call/XC193113_4.wav,crow
/home/maulik/Desktop/Maulik_Gupta/Documents/jatayu_open-unmix-discontinued/datasets/data/train/crow_call/XC193113_5.wav,crow
/home/maulik/Desktop/Maulik_Gupta/Documents/jatayu_open-unmix-discontinued/datasets/data/train/crow_call/XC193113_6.wav,crow
/home/maulik/Desktop/Maulik_Gupta/Documents/jatayu_open-unmix-discontinued/datasets/data/train/crow_call/XC193113_7.wav,crow
/home/maulik/Desktop/Maulik_Gupta/Documents/jatayu_open-unmix-discontinued/datasets/data/train/crow_call/XC193113_8.wav,crow
/home/maulik/Desktop/Maulik_Gupta/Documents/jatayu_open-unmix-discontinued/datasets/data/train/crow_call/XC193113_9.wav,crow
/home/maulik/Desktop/Maulik_Gupta/Documents/jatayu_open-unmix-discontinued/datasets/data/train/crow_call/XC193113_10.wav,crow
/home/maulik/Desktop/Maulik_Gupta/Documents/jatayu_open-unmix-discontinued/datasets/data/train/crow_call/XC193113_11.wav,crow
/home/maulik/Desktop/Maulik_Gupta/Documents/jatayu_open-unmix-discontinued/datasets/data/train/crow_call/XC193113_12.wav,crow
/home/maulik/Desktop/Maulik_Gupta/Documents/jatayu_open-unmix-discontinued/datasets/data/train/crow_call/XC193114_0.wav,crow
/home/maulik/Desktop/Maulik_Gupta/Documents/jatayu_open-unmix-discontinued/datasets/data/train/crow_call/XC193114_1.wav,crow
/home/maulik/Desktop/Maulik_Gupta/Documents/jatayu_open-unmix-discontinued/datasets/data/train/crow_call/XC196022_0.wav,crow
/home/maulik/Desktop/Maulik_Gupta/Documents/jatayu_open-unmix-discontinued/datasets/data/train/crow_call/XC196022_1.wav,crow
/home/maulik/Desktop/Maulik_Gupta/Documents/jatayu_open-unmix-discontinued/datasets/data/train/crow_call/XC196022_2.wav,crow
/home/maulik/Desktop/Maulik_Gupta/Documents/jatayu_open-unmix-discontinued/datasets/data/train/crow_call/XC196022_3.wav,crow
/home/maulik/Desktop/Maulik_Gupta/Documents/jatayu_open-unmix-discontinued/datasets/data/train/crow_call/XC196022_4.wav,crow
/home/maulik/Desktop/Maulik_Gupta/Documents/jatayu_open-unmix-discontinued/datasets/data/train/crow_call/XC196757_0.wav,crow
/home/maulik/Desktop/Maulik_Gupta/Documents/jatayu_open-unmix-discontinued/datasets/data/train/crow_call/XC196757_1.wav,crow
/home/maulik/Desktop/Maulik_Gupta/Documents/jatayu_open-unmix-discontinued/datasets/data/train/crow_call/XC196757_2.wav,crow
/home/maulik/Desktop/Maulik_Gupta/Documents/jatayu_open-unmix-discontinued/datasets/data/train/crow_call/XC196757_3.wav,crow
/home/maulik/Desktop/Maulik_Gupta/Documents/jatayu_open-unmix-discontinued/datasets/data/train/crow_call/XC196757_4.wav,crow
/home/maulik/Desktop/Maulik_Gupta/Documents/jatayu_open-unmix-discontinued/datasets/data/train/crow_call/XC196757_5.wav,crow
/home/maulik/Desktop/Maulik_Gupta/Documents/jatayu_open-unmix-discontinued/datasets/data/train/crow_call/XC196757_6.wav,crow
/home/maulik/Desktop/Maulik_Gupta/Documents/jatayu_open-unmix-discontinued/datasets/data/train/crow_call/XC196757_7.wav,crow
/home/maulik/Desktop/Maulik_Gupta/Documents/jatayu_open-unmix-discontinued/datasets/data/train/crow_call/XC196757_8.wav,crow
/home/maulik/Desktop/Maulik_Gupta/Documents/jatayu_open-unmix-discontinued/datasets/data/train/crow_call/XC196757_9.wav,crow
/home/maulik/Desktop/Maulik_Gupta/Documents/jatayu_open-unmix-discontinued/datasets/data/train/crow_call/XC196757_10.wav,crow
/home/maulik/Desktop/Maulik_Gupta/Documents/jatayu_open-unmix-discontinued/datasets/data/train/crow_call/XC196757_11.wav,crow
/home/maulik/Desktop/Maulik_Gupta/Documents/jatayu_open-unmix-discontinued/datasets/data/train/crow_call/XC196757_12.wav,crow
/home/maulik/Desktop/Maulik_Gupta/Documents/jatayu_open-unmix-discontinued/datasets/data/train/crow_call/XC196757_13.wav,crow
/home/maulik/Desktop/Maulik_Gupta/Documents/jatayu_open-unmix-discontinued/datasets/data/train/crow_call/XC196757_14.wav,crow
/home/maulik/Desktop/Maulik_Gupta/Documents/jatayu_open-unmix-discontinued/datasets/data/train/crow_call/XC196757_15.wav,crow
/home/maulik/Desktop/Maulik_Gupta/Documents/jatayu_open-unmix-discontinued/datasets/data/train/crow_call/XC196757_16.wav,crow
/home/maulik/Desktop/Maulik_Gupta/Documents/jatayu_open-unmix-discontinued/datasets/data/train/crow_call/XC196757_17.wav,crow
/home/maulik/Desktop/Maulik_Gupta/Documents/jatayu_open-unmix-discontinued/datasets/data/train/crow_call/XC196757_18.wav,crow
/home/maulik/Desktop/Maulik_Gupta/Documents/jatayu_open-unmix-discontinued/datasets/data/train/crow_call/XC196757_19.wav,crow
/home/maulik/Desktop/Maulik_Gupta/Documents/jatayu_open-unmix-discontinued/datasets/data/train/crow_call/XC196757_20.wav,crow
/home/maulik/Desktop/Maulik_Gupta/Documents/jatayu_open-unmix-discontinued/datasets/data/train/crow_call/XC196757_21.wav,crow
/home/maulik/Desktop/Maulik_Gupta/Documents/jatayu_open-unmix-discontinued/datasets/data/train/crow_call/XC196757_22.wav,crow
/home/maulik/Desktop/Maulik_Gupta/Documents/jatayu_open-unmix-discontinued/datasets/data/train/crow_call/XC244483_0.wav,crow
/home/maulik/Desktop/Maulik_Gupta/Documents/jatayu_open-unmix-discontinued/datasets/data/train/crow_call/XC244483_1.wav,crow
/home/maulik/Desktop/Maulik_Gupta/Documents/jatayu_open-unmix-discontinued/datasets/data/train/crow_call/XC244483_2.wav,crow
/home/maulik/Desktop/Maulik_Gupta/Documents/jatayu_open-unmix-discontinued/datasets/data/train/crow_call/XC244670_0.wav,crow
/home/maulik/Desktop/Maulik_Gupta/Documents/jatayu_open-unmix-discontinued/datasets/data/train/crow_call/XC244670_1.wav,crow
/home/maulik/Desktop/Maulik_Gupta/Documents/jatayu_open-unmix-discontinued/datasets/data/train/crow_call/XC244670_2.wav,crow
/home/maulik/Desktop/Maulik_Gupta/Documents/jatayu_open-unmix-discontinued/datasets/data/train/crow_call/XC322267_0.wav,crow
/home/maulik/Desktop/Maulik_Gupta/Documents/jatayu_open-unmix-discontinued/datasets/data/train/crow_call/XC322267_1.wav,crow
/home/maulik/Desktop/Maulik_Gupta/Documents/jatayu_open-unmix-discontinued/datasets/data/train/crow_call/XC322267_2.wav,crow
/home/maulik/Desktop/Maulik_Gupta/Documents/jatayu_open-unmix-discontinued/datasets/data/train/crow_call/XC322267_3.wav,crow
/home/maulik/Desktop/Maulik_Gupta/Documents/jatayu_open-unmix-discontinued/datasets/data/train/crow_call/XC322267_4.wav,crow
/home/maulik/Desktop/Maulik_Gupta/Documents/jatayu_open-unmix-discontinued/datasets/data/train/crow_call/XC394333_0.wav,crow
/home/maulik/Desktop/Maulik_Gupta/Documents/jatayu_open-unmix-discontinued/datasets/data/train/crow_call/XC394333_1.wav,crow
/home/maulik/Desktop/Maulik_Gupta/Documents/jatayu_open-unmix-discontinued/datasets/data/train/crow_call/XC394333_2.wav,crow
/home/maulik/Desktop/Maulik_Gupta/Documents/jatayu_open-unmix-discontinued/datasets/data/train/crow_call/XC394333_3.wav,crow
/home/maulik/Desktop/Maulik_Gupta/Documents/jatayu_open-unmix-discontinued/datasets/data/train/crow_call/XC394333_4.wav,crow
/home/maulik/Desktop/Maulik_Gupta/Documents/jatayu_open-unmix-discontinued/datasets/data/train/crow_call/XC420981_0.wav,crow
/home/maulik/Desktop/Maulik_Gupta/Documents/jatayu_open-unmix-discontinued/datasets/data/train/crow_call/XC420981_1.wav,crow
/home/maulik/Desktop/Maulik_Gupta/Documents/jatayu_open-unmix-discontinued/datasets/data/train/crow_call/XC420981_2.wav,crow
/home/maulik/Desktop/Maulik_Gupta/Documents/jatayu_open-unmix-discontinued/datasets/data/train/crow_call/XC420981_3.wav,crow
/home/maulik/Desktop/Maulik_Gupta/Documents/jatayu_open-unmix-discontinued/datasets/data/train/crow_call/XC420981_4.wav,crow
/home/maulik/Desktop/Maulik_Gupta/Documents/jatayu_open-unmix-discontinued/datasets/data/train/crow_call/XC420981_5.wav,crow
/home/maulik/Desktop/Maulik_Gupta/Documents/jatayu_open-unmix-discontinued/datasets/data/train/crow_call/XC462765_0.wav,crow
/home/maulik/Desktop/Maulik_Gupta/Documents/jatayu_open-unmix-discontinued/datasets/data/train/crow_call/XC533366_0.wav,crow
/home/maulik/Desktop/Maulik_Gupta/Documents/jatayu_open-unmix-discontinued/datasets/data/train/crow_call/XC533366_1.wav,crow
/home/maulik/Desktop/Maulik_Gupta/Documents/jatayu_open-unmix-discontinued/datasets/data/train/crow_call/XC550974_0.wav,crow
/home/maulik/Desktop/Maulik_Gupta/Documents/jatayu_open-unmix-discontinued/datasets/data/train/crow_call/XC550974_1.wav,crow
/home/maulik/Desktop/Maulik_Gupta/Documents/jatayu_open-unmix-discontinued/datasets/data/train/crow_call/XC567995_0.wav,crow
/home/maulik/Desktop/Maulik_Gupta/Documents/jatayu_open-unmix-discontinued/datasets/data/train/crow_call/XC567995_1.wav,crow
/home/maulik/Desktop/Maulik_Gupta/Documents/jatayu_open-unmix-discontinued/datasets/data/train/titli_call/XC11468_0.wav,blackbird
/home/maulik/Desktop/Maulik_Gupta/Documents/jatayu_open-unmix-discontinued/datasets/data/train/titli_call/XC11468_1.wav,blackbird
/home/maulik/Desktop/Maulik_Gupta/Documents/jatayu_open-unmix-discontinued/datasets/data/train/titli_call/XC11468_2.wav,blackbird
/home/maulik/Desktop/Maulik_Gupta/Documents/jatayu_open-unmix-discontinued/datasets/data/train/titli_call/XC11468_3.wav,blackbird
/home/maulik/Desktop/Maulik_Gupta/Documents/jatayu_open-unmix-discontinued/datasets/data/train/titli_call/XC11468_4.wav,blackbird
/home/maulik/Desktop/Maulik_Gupta/Documents/jatayu_open-unmix-discontinued/datasets/data/train/titli_call/XC11468_5.wav,blackbird
/home/maulik/Desktop/Maulik_Gupta/Documents/jatayu_open-unmix-discontinued/datasets/data/train/titli_call/XC11468_6.wav,blackbird
/home/maulik/Desktop/Maulik_Gupta/Documents/jatayu_open-unmix-discontinued/datasets/data/train/titli_call/XC31173_0.wav,blackbird
/home/maulik/Desktop/Maulik_Gupta/Documents/jatayu_open-unmix-discontinued/datasets/data/train/titli_call/XC31173_1.wav,blackbird
/home/maulik/Desktop/Maulik_Gupta/Documents/jatayu_open-unmix-discontinued/datasets/data/train/titli_call/XC31173_2.wav,blackbird
/home/maulik/Desktop/Maulik_Gupta/Documents/jatayu_open-unmix-discontinued/datasets/data/train/titli_call/XC31173_3.wav,blackbird
/home/maulik/Desktop/Maulik_Gupta/Documents/jatayu_open-unmix-discontinued/datasets/data/train/titli_call/XC31173_4.wav,blackbird
/home/maulik/Desktop/Maulik_Gupta/Documents/jatayu_open-unmix-discontinued/datasets/data/train/titli_call/XC31174_0.wav,blackbird
/home/maulik/Desktop/Maulik_Gupta/Documents/jatayu_open-unmix-discontinued/datasets/data/train/titli_call/XC31174_1.wav,blackbird
/home/maulik/Desktop/Maulik_Gupta/Documents/jatayu_open-unmix-discontinued/datasets/data/train/titli_call/XC31174_2.wav,blackbird
/home/maulik/Desktop/Maulik_Gupta/Documents/jatayu_open-unmix-discontinued/datasets/data/train/titli_call/XC31174_3.wav,blackbird
/home/maulik/Desktop/Maulik_Gupta/Documents/jatayu_open-unmix-discontinued/datasets/data/train/titli_call/XC31174_4.wav,blackbird
/home/maulik/Desktop/Maulik_Gupta/Documents/jatayu_open-unmix-discontinued/datasets/data/train/titli_call/XC31174_5.wav,blackbird
/home/maulik/Desktop/Maulik_Gupta/Documents/jatayu_open-unmix-discontinued/datasets/data/train/titli_call/XC31174_6.wav,blackbird
/home/maulik/Desktop/Maulik_Gupta/Documents/jatayu_open-unmix-discontinued/datasets/data/train/titli_call/XC31174_7.wav,blackbird
/home/maulik/Desktop/Maulik_Gupta/Documents/jatayu_open-unmix-discontinued/datasets/data/train/titli_call/XC31175_0.wav,blackbird
/home/maulik/Desktop/Maulik_Gupta/Documents/jatayu_open-unmix-discontinued/datasets/data/train/titli_call/XC31175_1.wav,blackbird
/home/maulik/Desktop/Maulik_Gupta/Documents/jatayu_open-unmix-discontinued/datasets/data/train/titli_call/XC53855_0.wav,blackbird
/home/maulik/Desktop/Maulik_Gupta/Documents/jatayu_open-unmix-discontinued/datasets/data/train/titli_call/XC53855_1.wav,blackbird
/home/maulik/Desktop/Maulik_Gupta/Documents/jatayu_open-unmix-discontinued/datasets/data/train/titli_call/XC53855_2.wav,blackbird
/home/maulik/Desktop/Maulik_Gupta/Documents/jatayu_open-unmix-discontinued/datasets/data/train/titli_call/XC53855_3.wav,blackbird
/home/maulik/Desktop/Maulik_Gupta/Documents/jatayu_open-unmix-discontinued/datasets/data/train/titli_call/XC53855_4.wav,blackbird
/home/maulik/Desktop/Maulik_Gupta/Documents/jatayu_open-unmix-discontinued/datasets/data/train/titli_call/XC53855_5.wav,blackbird
/home/maulik/Desktop/Maulik_Gupta/Documents/jatayu_open-unmix-discontinued/datasets/data/train/titli_call/XC53855_6.wav,blackbird
/home/maulik/Desktop/Maulik_Gupta/Documents/jatayu_open-unmix-discontinued/datasets/data/train/titli_call/XC53855_7.wav,blackbird
/home/maulik/Desktop/Maulik_Gupta/Documents/jatayu_open-unmix-discontinued/datasets/data/train/titli_call/XC53855_8.wav,blackbird
/home/maulik/Desktop/Maulik_Gupta/Documents/jatayu_open-unmix-discontinued/datasets/data/train/titli_call/XC53855_9.wav,blackbird
/home/maulik/Desktop/Maulik_Gupta/Documents/jatayu_open-unmix-discontinued/datasets/data/train/titli_call/XC53855_10.wav,blackbird
/home/maulik/Desktop/Maulik_Gupta/Documents/jatayu_open-unmix-discontinued/datasets/data/train/titli_call/XC53855_11.wav,blackbird
/home/maulik/Desktop/Maulik_Gupta/Documents/jatayu_open-unmix-discontinued/datasets/data/train/titli_call/XC53855_12.wav,blackbird
/home/maulik/Desktop/Maulik_Gupta/Documents/jatayu_open-unmix-discontinued/datasets/data/train/titli_call/XC53855_13.wav,blackbird
/home/maulik/Desktop/Maulik_Gupta/Documents/jatayu_open-unmix-discontinued/datasets/data/train/titli_call/XC53855_14.wav,blackbird
/home/maulik/Desktop/Maulik_Gupta/Documents/jatayu_open-unmix-discontinued/datasets/data/train/titli_call/XC53855_15.wav,blackbird
/home/maulik/Desktop/Maulik_Gupta/Documents/jatayu_open-unmix-discontinued/datasets/data/train/titli_call/XC53855_16.wav,blackbird
/home/maulik/Desktop/Maulik_Gupta/Documents/jatayu_open-unmix-discontinued/datasets/data/train/titli_call/XC53855_17.wav,blackbird
/home/maulik/Desktop/Maulik_Gupta/Documents/jatayu_open-unmix-discontinued/datasets/data/train/titli_call/XC53855_18.wav,blackbird
/home/maulik/Desktop/Maulik_Gupta/Documents/jatayu_open-unmix-discontinued/datasets/data/train/titli_call/XC53855_19.wav,blackbird
/home/maulik/Desktop/Maulik_Gupta/Documents/jatayu_open-unmix-discontinued/datasets/data/train/titli_call/XC53855_20.wav,blackbird
/home/maulik/Desktop/Maulik_Gupta/Documents/jatayu_open-unmix-discontinued/datasets/data/train/titli_call/XC53855_21.wav,blackbird
/home/maulik/Desktop/Maulik_Gupta/Documents/jatayu_open-unmix-discontinued/datasets/data/train/titli_call/XC53855_22.wav,blackbird
/home/maulik/Desktop/Maulik_Gupta/Documents/jatayu_open-unmix-discontinued/datasets/data/train/titli_call/XC53855_23.wav,blackbird
/home/maulik/Desktop/Maulik_Gupta/Documents/jatayu_open-unmix-discontinued/datasets/data/train/titli_call/XC53855_24.wav,blackbird
/home/maulik/Desktop/Maulik_Gupta/Documents/jatayu_open-unmix-discontinued/datasets/data/train/titli_call/XC53855_25.wav,blackbird
/home/maulik/Desktop/Maulik_Gupta/Documents/jatayu_open-unmix-discontinued/datasets/data/train/titli_call/XC53855_26.wav,blackbird
/home/maulik/Desktop/Maulik_Gupta/Documents/jatayu_open-unmix-discontinued/datasets/data/train/titli_call/XC53855_27.wav,blackbird
/home/maulik/Desktop/Maulik_Gupta/Documents/jatayu_open-unmix-discontinued/datasets/data/train/titli_call/XC53855_28.wav,blackbird
/home/maulik/Desktop/Maulik_Gupta/Documents/jatayu_open-unmix-discontinued/datasets/data/train/titli_call/XC53855_29.wav,blackbird
/home/maulik/Desktop/Maulik_Gupta/Documents/jatayu_open-unmix-discontinued/datasets/data/train/titli_call/XC53855_30.wav,blackbird
/home/maulik/Desktop/Maulik_Gupta/Documents/jatayu_open-unmix-discontinued/datasets/data/train/titli_call/XC105804_0.wav,blackbird
/home/maulik/Desktop/Maulik_Gupta/Documents/jatayu_open-unmix-discontinued/datasets/data/train/titli_call/XC105804_1.wav,blackbird
/home/maulik/Desktop/Maulik_Gupta/Documents/jatayu_open-unmix-discontinued/datasets/data/train/titli_call/XC105804_2.wav,blackbird
/home/maulik/Desktop/Maulik_Gupta/Documents/jatayu_open-unmix-discontinued/datasets/data/train/titli_call/XC105804_3.wav,blackbird
/home/maulik/Desktop/Maulik_Gupta/Documents/jatayu_open-unmix-discontinued/datasets/data/train/titli_call/XC105804_4.wav,blackbird
/home/maulik/Desktop/Maulik_Gupta/Documents/jatayu_open-unmix-discontinued/datasets/data/train/titli_call/XC105804_5.wav,blackbird
/home/maulik/Desktop/Maulik_Gupta/Documents/jatayu_open-unmix-discontinued/datasets/data/train/titli_call/XC105804_6.wav,blackbird
/home/maulik/Desktop/Maulik_Gupta/Documents/jatayu_open-unmix-discontinued/datasets/data/train/titli_call/XC105804_7.wav,blackbird
/home/maulik/Desktop/Maulik_Gupta/Documents/jatayu_open-unmix-discontinued/datasets/data/train/titli_call/XC105804_8.wav,blackbird
/home/maulik/Desktop/Maulik_Gupta/Documents/jatayu_open-unmix-discontinued/datasets/data/train/titli_call/XC105804_9.wav,blackbird
/home/maulik/Desktop/Maulik_Gupta/Documents/jatayu_open-unmix-discontinued/datasets/data/train/titli_call/XC105804_10.wav,blackbird
/home/maulik/Desktop/Maulik_Gupta/Documents/jatayu_open-unmix-discontinued/datasets/data/train/titli_call/XC105804_11.wav,blackbird
/home/maulik/Desktop/Maulik_Gupta/Documents/jatayu_open-unmix-discontinued/datasets/data/train/titli_call/XC105804_12.wav,blackbird
/home/maulik/Desktop/Maulik_Gupta/Documents/jatayu_open-unmix-discontinued/datasets/data/train/titli_call/XC105804_13.wav,blackbird
/home/maulik/Desktop/Maulik_Gupta/Documents/jatayu_open-unmix-discontinued/datasets/data/train/titli_call/XC105804_14.wav,blackbird
/home/maulik/Desktop/Maulik_Gupta/Documents/jatayu_open-unmix-discontinued/datasets/data/train/titli_call/XC105804_15.wav,blackbird
/home/maulik/Desktop/Maulik_Gupta/Documents/jatayu_open-unmix-discontinued/datasets/data/train/titli_call/XC105804_16.wav,blackbird
/home/maulik/Desktop/Maulik_Gupta/Documents/jatayu_open-unmix-discontinued/datasets/data/train/titli_call/XC105804_17.wav,blackbird
/home/maulik/Desktop/Maulik_Gupta/Documents/jatayu_open-unmix-discontinued/datasets/data/train/titli_call/XC105804_18.wav,blackbird
/home/maulik/Desktop/Maulik_Gupta/Documents/jatayu_open-unmix-discontinued/datasets/data/train/titli_call/XC105804_19.wav,blackbird
/home/maulik/Desktop/Maulik_Gupta/Documents/jatayu_open-unmix-discontinued/datasets/data/train/titli_call/XC105804_20.wav,blackbird
/home/maulik/Desktop/Maulik_Gupta/Documents/jatayu_open-unmix-discontinued/datasets/data/train/titli_call/XC105804_21.wav,blackbird
/home/maulik/Desktop/Maulik_Gupta/Documents/jatayu_open-unmix-discontinued/datasets/data/train/titli_call/XC105804_22.wav,blackbird
/home/maulik/Desktop/Maulik_Gupta/Documents/jatayu_open-unmix-discontinued/datasets/data/train/titli_call/XC105804_23.wav,blackbird
/home/maulik/Desktop/Maulik_Gupta/Documents/jatayu_open-unmix-discontinued/datasets/data/train/titli_call/XC105804_24.wav,blackbird
/home/maulik/Desktop/Maulik_Gupta/Documents/jatayu_open-unmix-discontinued/datasets/data/train/titli_call/XC105804_25.wav,blackbird
/home/maulik/Desktop/Maulik_Gupta/Documents/jatayu_open-unmix-discontinued/datasets/data/train/titli_call/XC105804_26.wav,blackbird
/home/maulik/Desktop/Maulik_Gupta/Documents/jatayu_open-unmix-discontinued/datasets/data/train/titli_call/XC105804_27.wav,blackbird
/home/maulik/Desktop/Maulik_Gupta/Documents/jatayu_open-unmix-discontinued/datasets/data/train/titli_call/XC105804_28.wav,blackbird
/home/maulik/Desktop/Maulik_Gupta/Documents/jatayu_open-unmix-discontinued/datasets/data/train/titli_call/XC105804_29.wav,blackbird
/home/maulik/Desktop/Maulik_Gupta/Documents/jatayu_open-unmix-discontinued/datasets/data/train/titli_call/XC105804_30.wav,blackbird
/home/maulik/Desktop/Maulik_Gupta/Documents/jatayu_open-unmix-discontinued/datasets/data/train/titli_call/XC105804_31.wav,blackbird
/home/maulik/Desktop/Maulik_Gupta/Documents/jatayu_open-unmix-discontinued/datasets/data/train/titli_call/XC105804_32.wav,blackbird
/home/maulik/Desktop/Maulik_Gupta/Documents/jatayu_open-unmix-discontinued/datasets/data/train/titli_call/XC105804_33.wav,blackbird
/home/maulik/Desktop/Maulik_Gupta/Documents/jatayu_open-unmix-discontinued/datasets/data/train/titli_call/XC105804_34.wav,blackbird
/home/maulik/Desktop/Maulik_Gupta/Documents/jatayu_open-unmix-discontinued/datasets/data/train/titli_call/XC105804_35.wav,blackbird
/home/maulik/Desktop/Maulik_Gupta/Documents/jatayu_open-unmix-discontinued/datasets/data/train/titli_call/XC105804_36.wav,blackbird
/home/maulik/Desktop/Maulik_Gupta/Documents/jatayu_open-unmix-discontinued/datasets/data/train/titli_call/XC105804_37.wav,blackbird
/home/maulik/Desktop/Maulik_Gupta/Documents/jatayu_open-unmix-discontinued/datasets/data/train/titli_call/XC105804_38.wav,blackbird
/home/maulik/Desktop/Maulik_Gupta/Documents/jatayu_open-unmix-discontinued/datasets/data/train/titli_call/XC105804_39.wav,blackbird
/home/maulik/Desktop/Maulik_Gupta/Documents/jatayu_open-unmix-discontinued/datasets/data/train/titli_call/XC105804_40.wav,blackbird
/home/maulik/Desktop/Maulik_Gupta/Documents/jatayu_open-unmix-discontinued/datasets/data/train/titli_call/XC105804_41.wav,blackbird
/home/maulik/Desktop/Maulik_Gupta/Documents/jatayu_open-unmix-discontinued/datasets/data/train/titli_call/XC105804_42.wav,blackbird
/home/maulik/Desktop/Maulik_Gupta/Documents/jatayu_open-unmix-discontinued/datasets/data/train/titli_call/XC105804_43.wav,blackbird
/home/maulik/Desktop/Maulik_Gupta/Documents/jatayu_open-unmix-discontinued/datasets/data/train/titli_call/XC105804_44.wav,blackbird
/home/maulik/Desktop/Maulik_Gupta/Documents/jatayu_open-unmix-discontinued/datasets/data/train/titli_call/XC105804_45.wav,blackbird
/home/maulik/Desktop/Maulik_Gupta/Documents/jatayu_open-unmix-discontinued/datasets/data/train/titli_call/XC105804_46.wav,blackbird
/home/maulik/Desktop/Maulik_Gupta/Documents/jatayu_open-unmix-discontinued/datasets/data/train/titli_call/XC105804_47.wav,blackbird
/home/maulik/Desktop/Maulik_Gupta/Documents/jatayu_open-unmix-discontinued/datasets/data/train/titli_call/XC105804_48.wav,blackbird
/home/maulik/Desktop/Maulik_Gupta/Documents/jatayu_open-unmix-discontinued/datasets/data/train/titli_call/XC105804_49.wav,blackbird
/home/maulik/Desktop/Maulik_Gupta/Documents/jatayu_open-unmix-discontinued/datasets/data/train/titli_call/XC105804_50.wav,blackbird
/home/maulik/Desktop/Maulik_Gupta/Documents/jatayu_open-unmix-discontinued/datasets/data/train/titli_call/XC105804_51.wav,blackbird
/home/maulik/Desktop/Maulik_Gupta/Documents/jatayu_open-unmix-discontinued/datasets/data/train/titli_call/XC105804_52.wav,blackbird
/home/maulik/Desktop/Maulik_Gupta/Documents/jatayu_open-unmix-discontinued/datasets/data/train/titli_call/XC105804_53.wav,blackbird
/home/maulik/Desktop/Maulik_Gupta/Documents/jatayu_open-unmix-discontinued/datasets/data/train/titli_call/XC105804_54.wav,blackbird
/home/maulik/Desktop/Maulik_Gupta/Documents/jatayu_open-unmix-discontinued/datasets/data/train/titli_call/XC105804_55.wav,blackbird
/home/maulik/Desktop/Maulik_Gupta/Documents/jatayu_open-unmix-discontinued/datasets/data/train/titli_call/XC105804_56.wav,blackbird
/home/maulik/Desktop/Maulik_Gupta/Documents/jatayu_open-unmix-discontinued/datasets/data/train/titli_call/XC105804_57.wav,blackbird
/home/maulik/Desktop/Maulik_Gupta/Documents/jatayu_open-unmix-discontinued/datasets/data/train/titli_call/XC105804_58.wav,blackbird
/home/maulik/Desktop/Maulik_Gupta/Documents/jatayu_open-unmix-discontinued/datasets/data/train/titli_call/XC105804_59.wav,blackbird
/home/maulik/Desktop/Maulik_Gupta/Documents/jatayu_open-unmix-discontinued/datasets/data/train/titli_call/XC105804_60.wav,blackbird
/home/maulik/Desktop/Maulik_Gupta/Documents/jatayu_open-unmix-discontinued/datasets/data/train/titli_call/XC105804_61.wav,blackbird
/home/maulik/Desktop/Maulik_Gupta/Documents/jatayu_open-unmix-discontinued/datasets/data/train/titli_call/XC105804_62.wav,blackbird
/home/maulik/Desktop/Maulik_Gupta/Documents/jatayu_open-unmix-discontinued/datasets/data/train/titli_call/XC105804_63.wav,blackbird
/home/maulik/Desktop/Maulik_Gupta/Documents/jatayu_open-unmix-discontinued/datasets/data/train/titli_call/XC105804_64.wav,blackbird
/home/maulik/Desktop/Maulik_Gupta/Documents/jatayu_open-unmix-discontinued/datasets/data/train/titli_call/XC105804_65.wav,blackbird
/home/maulik/Desktop/Maulik_Gupta/Documents/jatayu_open-unmix-discontinued/datasets/data/train/titli_call/XC105804_66.wav,blackbird
/home/maulik/Desktop/Maulik_Gupta/Documents/jatayu_open-unmix-discontinued/datasets/data/train/titli_call/XC105804_67.wav,blackbird
/home/maulik/Desktop/Maulik_Gupta/Documents/jatayu_open-unmix-discontinued/datasets/data/train/titli_call/XC105804_68.wav,blackbird
/home/maulik/Desktop/Maulik_Gupta/Documents/jatayu_open-unmix-discontinued/datasets/data/train/titli_call/XC105804_69.wav,blackbird
/home/maulik/Desktop/Maulik_Gupta/Documents/jatayu_open-unmix-discontinued/datasets/data/train/titli_call/XC105804_70.wav,blackbird
/home/maulik/Desktop/Maulik_Gupta/Documents/jatayu_open-unmix-discontinued/datasets/data/train/titli_call/XC105804_71.wav,blackbird
/home/maulik/Desktop/Maulik_Gupta/Documents/jatayu_open-unmix-discontinued/datasets/data/train/titli_call/XC105804_72.wav,blackbird
/home/maulik/Desktop/Maulik_Gupta/Documents/jatayu_open-unmix-discontinued/datasets/data/train/titli_call/XC105804_73.wav,blackbird
/home/maulik/Desktop/Maulik_Gupta/Documents/jatayu_open-unmix-discontinued/datasets/data/train/titli_call/XC105804_74.wav,blackbird
/home/maulik/Desktop/Maulik_Gupta/Documents/jatayu_open-unmix-discontinued/datasets/data/train/titli_call/XC105804_75.wav,blackbird
/home/maulik/Desktop/Maulik_Gupta/Documents/jatayu_open-unmix-discontinued/datasets/data/train/titli_call/XC105804_76.wav,blackbird
/home/maulik/Desktop/Maulik_Gupta/Documents/jatayu_open-unmix-discontinued/datasets/data/train/titli_call/XC105804_77.wav,blackbird
/home/maulik/Desktop/Maulik_Gupta/Documents/jatayu_open-unmix-discontinued/datasets/data/train/titli_call/XC105804_78.wav,blackbird
/home/maulik/Desktop/Maulik_Gupta/Documents/jatayu_open-unmix-discontinued/datasets/data/train/titli_call/XC105805_0.wav,blackbird
/home/maulik/Desktop/Maulik_Gupta/Documents/jatayu_open-unmix-discontinued/datasets/data/train/titli_call/XC105805_1.wav,blackbird
/home/maulik/Desktop/Maulik_Gupta/Documents/jatayu_open-unmix-discontinued/datasets/data/train/titli_call/XC105805_2.wav,blackbird
/home/maulik/Desktop/Maulik_Gupta/Documents/jatayu_open-unmix-discontinued/datasets/data/train/titli_call/XC105805_3.wav,blackbird
/home/maulik/Desktop/Maulik_Gupta/Documents/jatayu_open-unmix-discontinued/datasets/data/train/titli_call/XC105805_4.wav,blackbird
/home/maulik/Desktop/Maulik_Gupta/Documents/jatayu_open-unmix-discontinued/datasets/data/train/titli_call/XC105805_5.wav,blackbird
/home/maulik/Desktop/Maulik_Gupta/Documents/jatayu_open-unmix-discontinued/datasets/data/train/titli_call/XC105805_6.wav,blackbird
/home/maulik/Desktop/Maulik_Gupta/Documents/jatayu_open-unmix-discontinued/datasets/data/train/titli_call/XC105805_7.wav,blackbird
/home/maulik/Desktop/Maulik_Gupta/Documents/jatayu_open-unmix-discontinued/datasets/data/train/titli_call/XC105805_8.wav,blackbird
/home/maulik/Desktop/Maulik_Gupta/Documents/jatayu_open-unmix-discontinued/datasets/data/train/titli_call/XC105805_9.wav,blackbird
/home/maulik/Desktop/Maulik_Gupta/Documents/jatayu_open-unmix-discontinued/datasets/data/train/titli_call/XC105805_10.wav,blackbird
/home/maulik/Desktop/Maulik_Gupta/Documents/jatayu_open-unmix-discontinued/datasets/data/train/titli_call/XC105805_11.wav,blackbird
/home/maulik/Desktop/Maulik_Gupta/Documents/jatayu_open-unmix-discontinued/datasets/data/train/titli_call/XC105805_12.wav,blackbird
/home/maulik/Desktop/Maulik_Gupta/Documents/jatayu_open-unmix-discontinued/datasets/data/train/titli_call/XC105805_13.wav,blackbird
/home/maulik/Desktop/Maulik_Gupta/Documents/jatayu_open-unmix-discontinued/datasets/data/train/titli_call/XC105805_14.wav,blackbird
/home/maulik/Desktop/Maulik_Gupta/Documents/jatayu_open-unmix-discontinued/datasets/data/train/titli_call/XC108481_0.wav,blackbird
/home/maulik/Desktop/Maulik_Gupta/Documents/jatayu_open-unmix-discontinued/datasets/data/train/titli_call/XC108481_1.wav,blackbird
/home/maulik/Desktop/Maulik_Gupta/Documents/jatayu_open-unmix-discontinued/datasets/data/train/titli_call/XC108481_2.wav,blackbird
/home/maulik/Desktop/Maulik_Gupta/Documents/jatayu_open-unmix-discontinued/datasets/data/train/titli_call/XC108481_3.wav,blackbird
/home/maulik/Desktop/Maulik_Gupta/Documents/jatayu_open-unmix-discontinued/datasets/data/train/titli_call/XC108481_4.wav,blackbird
/home/maulik/Desktop/Maulik_Gupta/Documents/jatayu_open-unmix-discontinued/datasets/data/train/titli_call/XC108481_5.wav,blackbird
/home/maulik/Desktop/Maulik_Gupta/Documents/jatayu_open-unmix-discontinued/datasets/data/train/titli_call/XC130785_0.wav,blackbird
/home/maulik/Desktop/Maulik_Gupta/Documents/jatayu_open-unmix-discontinued/datasets/data/train/titli_call/XC130785_1.wav,blackbird
/home/maulik/Desktop/Maulik_Gupta/Documents/jatayu_open-unmix-discontinued/datasets/data/train/titli_call/XC130785_2.wav,blackbird
/home/maulik/Desktop/Maulik_Gupta/Documents/jatayu_open-unmix-discontinued/datasets/data/train/titli_call/XC130785_3.wav,blackbird
/home/maulik/Desktop/Maulik_Gupta/Documents/jatayu_open-unmix-discontinued/datasets/data/train/titli_call/XC130785_4.wav,blackbird
/home/maulik/Desktop/Maulik_Gupta/Documents/jatayu_open-unmix-discontinued/datasets/data/train/titli_call/XC130785_5.wav,blackbird
/home/maulik/Desktop/Maulik_Gupta/Documents/jatayu_open-unmix-discontinued/datasets/data/train/titli_call/XC130785_6.wav,blackbird
/home/maulik/Desktop/Maulik_Gupta/Documents/jatayu_open-unmix-discontinued/datasets/data/train/titli_call/XC130786_0.wav,blackbird
/home/maulik/Desktop/Maulik_Gupta/Documents/jatayu_open-unmix-discontinued/datasets/data/train/titli_call/XC130786_1.wav,blackbird
/home/maulik/Desktop/Maulik_Gupta/Documents/jatayu_open-unmix-discontinued/datasets/data/train/titli_call/XC130786_2.wav,blackbird
/home/maulik/Desktop/Maulik_Gupta/Documents/jatayu_open-unmix-discontinued/datasets/data/train/titli_call/XC130786_3.wav,blackbird
/home/maulik/Desktop/Maulik_Gupta/Documents/jatayu_open-unmix-discontinued/datasets/data/train/titli_call/XC130786_4.wav,blackbird
/home/maulik/Desktop/Maulik_Gupta/Documents/jatayu_open-unmix-discontinued/datasets/data/train/titli_call/XC130786_5.wav,blackbird
/home/maulik/Desktop/Maulik_Gupta/Documents/jatayu_open-unmix-discontinued/datasets/data/train/titli_call/XC130786_6.wav,blackbird
/home/maulik/Desktop/Maulik_Gupta/Documents/jatayu_open-unmix-discontinued/datasets/data/train/titli_call/XC130789_0.wav,blackbird
/home/maulik/Desktop/Maulik_Gupta/Documents/jatayu_open-unmix-discontinued/datasets/data/train/titli_call/XC130789_1.wav,blackbird
/home/maulik/Desktop/Maulik_Gupta/Documents/jatayu_open-unmix-discontinued/datasets/data/train/titli_call/XC130791_0.wav,blackbird
/home/maulik/Desktop/Maulik_Gupta/Documents/jatayu_open-unmix-discontinued/datasets/data/train/titli_call/XC130791_1.wav,blackbird
/home/maulik/Desktop/Maulik_Gupta/Documents/jatayu_open-unmix-discontinued/datasets/data/train/titli_call/XC130791_2.wav,blackbird
/home/maulik/Desktop/Maulik_Gupta/Documents/jatayu_open-unmix-discontinued/datasets/data/train/titli_call/XC130795_0.wav,blackbird
/home/maulik/Desktop/Maulik_Gupta/Documents/jatayu_open-unmix-discontinued/datasets/data/train/titli_call/XC130795_1.wav,blackbird
/home/maulik/Desktop/Maulik_Gupta/Documents/jatayu_open-unmix-discontinued/datasets/data/train/titli_call/XC130795_2.wav,blackbird
/home/maulik/Desktop/Maulik_Gupta/Documents/jatayu_open-unmix-discontinued/datasets/data/train/titli_call/XC130795_3.wav,blackbird
/home/maulik/Desktop/Maulik_Gupta/Documents/jatayu_open-unmix-discontinued/datasets/data/train/titli_call/XC130795_4.wav,blackbird
/home/maulik/Desktop/Maulik_Gupta/Documents/jatayu_open-unmix-discontinued/datasets/data/train/titli_call/XC130795_5.wav,blackbird
/home/maulik/Desktop/Maulik_Gupta/Documents/jatayu_open-unmix-discontinued/datasets/data/train/titli_call/XC130795_6.wav,blackbird
/home/maulik/Desktop/Maulik_Gupta/Documents/jatayu_open-unmix-discontinued/datasets/data/train/titli_call/XC130795_7.wav,blackbird
/home/maulik/Desktop/Maulik_Gupta/Documents/jatayu_open-unmix-discontinued/datasets/data/train/titli_call/XC130795_8.wav,blackbird
/home/maulik/Desktop/Maulik_Gupta/Documents/jatayu_open-unmix-discontinued/datasets/data/train/titli_call/XC130795_9.wav,blackbird
/home/maulik/Desktop/Maulik_Gupta/Documents/jatayu_open-unmix-discontinued/datasets/data/train/titli_call/XC130795_10.wav,blackbird
/home/maulik/Desktop/Maulik_Gupta/Documents/jatayu_open-unmix-discontinued/datasets/data/train/titli_call/XC130795_11.wav,blackbird
/home/maulik/Desktop/Maulik_Gupta/Documents/jatayu_open-unmix-discontinued/datasets/data/train/titli_call/XC130797_0.wav,blackbird
/home/maulik/Desktop/Maulik_Gupta/Documents/jatayu_open-unmix-discontinued/datasets/data/train/titli_call/XC130797_1.wav,blackbird
/home/maulik/Desktop/Maulik_Gupta/Documents/jatayu_open-unmix-discontinued/datasets/data/train/titli_call/XC130797_2.wav,blackbird
/home/maulik/Desktop/Maulik_Gupta/Documents/jatayu_open-unmix-discontinued/datasets/data/train/titli_call/XC130797_3.wav,blackbird
/home/maulik/Desktop/Maulik_Gupta/Documents/jatayu_open-unmix-discontinued/datasets/data/train/titli_call/XC130797_4.wav,blackbird
/home/maulik/Desktop/Maulik_Gupta/Documents/jatayu_open-unmix-discontinued/datasets/data/train/titli_call/XC130797_5.wav,blackbird
/home/maulik/Desktop/Maulik_Gupta/Documents/jatayu_open-unmix-discontinued/datasets/data/train/titli_call/XC130797_6.wav,blackbird
/home/maulik/Desktop/Maulik_Gupta/Documents/jatayu_open-unmix-discontinued/datasets/data/train/titli_call/XC130797_7.wav,blackbird
/home/maulik/Desktop/Maulik_Gupta/Documents/jatayu_open-unmix-discontinued/datasets/data/train/titli_call/XC130798_0.wav,blackbird
/home/maulik/Desktop/Maulik_Gupta/Documents/jatayu_open-unmix-discontinued/datasets/data/train/titli_call/XC130798_1.wav,blackbird
/home/maulik/Desktop/Maulik_Gupta/Documents/jatayu_open-unmix-discontinued/datasets/data/train/titli_call/XC130803_0.wav,blackbird
/home/maulik/Desktop/Maulik_Gupta/Documents/jatayu_open-unmix-discontinued/datasets/data/train/titli_call/XC130803_1.wav,blackbird
/home/maulik/Desktop/Maulik_Gupta/Documents/jatayu_open-unmix-discontinued/datasets/data/train/titli_call/XC130803_2.wav,blackbird
/home/maulik/Desktop/Maulik_Gupta/Documents/jatayu_open-unmix-discontinued/datasets/data/train/titli_call/XC130803_3.wav,blackbird
/home/maulik/Desktop/Maulik_Gupta/Documents/jatayu_open-unmix-discontinued/datasets/data/train/titli_call/XC135633_0.wav,blackbird
/home/maulik/Desktop/Maulik_Gupta/Documents/jatayu_open-unmix-discontinued/datasets/data/train/titli_call/XC135636_0.wav,blackbird
/home/maulik/Desktop/Maulik_Gupta/Documents/jatayu_open-unmix-discontinued/datasets/data/train/titli_call/XC135636_1.wav,blackbird
/home/maulik/Desktop/Maulik_Gupta/Documents/jatayu_open-unmix-discontinued/datasets/data/train/titli_call/XC135636_2.wav,blackbird
/home/maulik/Desktop/Maulik_Gupta/Documents/jatayu_open-unmix-discontinued/datasets/data/train/titli_call/XC135636_3.wav,blackbird
/home/maulik/Desktop/Maulik_Gupta/Documents/jatayu_open-unmix-discontinued/datasets/data/train/titli_call/XC135636_4.wav,blackbird
/home/maulik/Desktop/Maulik_Gupta/Documents/jatayu_open-unmix-discontinued/datasets/data/train/titli_call/XC135636_5.wav,blackbird
/home/maulik/Desktop/Maulik_Gupta/Documents/jatayu_open-unmix-discontinued/datasets/data/train/titli_call/XC135636_6.wav,blackbird
/home/maulik/Desktop/Maulik_Gupta/Documents/jatayu_open-unmix-discontinued/datasets/data/train/titli_call/XC135636_7.wav,blackbird
/home/maulik/Desktop/Maulik_Gupta/Documents/jatayu_open-unmix-discontinued/datasets/data/train/titli_call/XC135636_8.wav,blackbird
/home/maulik/Desktop/Maulik_Gupta/Documents/jatayu_open-unmix-discontinued/datasets/data/train/titli_call/XC135636_9.wav,blackbird
/home/maulik/Desktop/Maulik_Gupta/Documents/jatayu_open-unmix-discontinued/datasets/data/train/titli_call/XC135636_10.wav,blackbird
/home/maulik/Desktop/Maulik_Gupta/Documents/jatayu_open-unmix-discontinued/datasets/data/train/titli_call/XC135636_11.wav,blackbird
/home/maulik/Desktop/Maulik_Gupta/Documents/jatayu_open-unmix-discontinued/datasets/data/train/titli_call/XC135636_12.wav,blackbird
/home/maulik/Desktop/Maulik_Gupta/Documents/jatayu_open-unmix-discontinued/datasets/data/train/titli_call/XC135636_13.wav,blackbird
/home/maulik/Desktop/Maulik_Gupta/Documents/jatayu_open-unmix-discontinued/datasets/data/train/titli_call/XC135636_14.wav,blackbird
/home/maulik/Desktop/Maulik_Gupta/Documents/jatayu_open-unmix-discontinued/datasets/data/train/titli_call/XC135636_15.wav,blackbird
/home/maulik/Desktop/Maulik_Gupta/Documents/jatayu_open-unmix-discontinued/datasets/data/train/titli_call/XC135636_16.wav,blackbird
/home/maulik/Desktop/Maulik_Gupta/Documents/jatayu_open-unmix-discontinued/datasets/data/train/titli_call/XC135636_17.wav,blackbird
/home/maulik/Desktop/Maulik_Gupta/Documents/jatayu_open-unmix-discontinued/datasets/data/train/titli_call/XC135636_18.wav,blackbird
/home/maulik/Desktop/Maulik_Gupta/Documents/jatayu_open-unmix-discontinued/datasets/data/train/titli_call/XC135636_19.wav,blackbird
/home/maulik/Desktop/Maulik_Gupta/Documents/jatayu_open-unmix-discontinued/datasets/data/train/titli_call/XC135636_20.wav,blackbird
/home/maulik/Desktop/Maulik_Gupta/Documents/jatayu_open-unmix-discontinued/datasets/data/train/titli_call/XC135636_21.wav,blackbird
/home/maulik/Desktop/Maulik_Gupta/Documents/jatayu_open-unmix-discontinued/datasets/data/train/titli_call/XC135636_22.wav,blackbird
/home/maulik/Desktop/Maulik_Gupta/Documents/jatayu_open-unmix-discontinued/datasets/data/train/titli_call/XC136031_0.wav,blackbird
/home/maulik/Desktop/Maulik_Gupta/Documents/jatayu_open-unmix-discontinued/datasets/data/train/titli_call/XC136031_1.wav,blackbird
/home/maulik/Desktop/Maulik_Gupta/Documents/jatayu_open-unmix-discontinued/datasets/data/train/titli_call/XC136031_2.wav,blackbird
/home/maulik/Desktop/Maulik_Gupta/Documents/jatayu_open-unmix-discontinued/datasets/data/train/titli_call/XC136031_3.wav,blackbird
/home/maulik/Desktop/Maulik_Gupta/Documents/jatayu_open-unmix-discontinued/datasets/data/train/titli_call/XC136031_4.wav,blackbird
/home/maulik/Desktop/Maulik_Gupta/Documents/jatayu_open-unmix-discontinued/datasets/data/train/titli_call/XC136031_5.wav,blackbird
/home/maulik/Desktop/Maulik_Gupta/Documents/jatayu_open-unmix-discontinued/datasets/data/train/titli_call/XC136031_6.wav,blackbird
/home/maulik/Desktop/Maulik_Gupta/Documents/jatayu_open-unmix-discontinued/datasets/data/train/titli_call/XC138218_0.wav,blackbird
/home/maulik/Desktop/Maulik_Gupta/Documents/jatayu_open-unmix-discontinued/datasets/data/train/titli_call/XC138218_1.wav,blackbird
/home/maulik/Desktop/Maulik_Gupta/Documents/jatayu_open-unmix-discontinued/datasets/data/train/titli_call/XC138218_2.wav,blackbird
/home/maulik/Desktop/Maulik_Gupta/Documents/jatayu_open-unmix-discontinued/datasets/data/train/titli_call/XC138218_3.wav,blackbird
/home/maulik/Desktop/Maulik_Gupta/Documents/jatayu_open-unmix-discontinued/datasets/data/train/titli_call/XC138218_4.wav,blackbird
/home/maulik/Desktop/Maulik_Gupta/Documents/jatayu_open-unmix-discontinued/datasets/data/train/titli_call/XC138218_5.wav,blackbird
/home/maulik/Desktop/Maulik_Gupta/Documents/jatayu_open-unmix-discontinued/datasets/data/train/titli_call/XC138218_6.wav,blackbird
/home/maulik/Desktop/Maulik_Gupta/Documents/jatayu_open-unmix-discontinued/datasets/data/train/titli_call/XC138218_7.wav,blackbird
/home/maulik/Desktop/Maulik_Gupta/Documents/jatayu_open-unmix-discontinued/datasets/data/train/titli_call/XC138218_8.wav,blackbird
/home/maulik/Desktop/Maulik_Gupta/Documents/jatayu_open-unmix-discontinued/datasets/data/train/titli_call/XC138218_9.wav,blackbird
/home/maulik/Desktop/Maulik_Gupta/Documents/jatayu_open-unmix-discontinued/datasets/data/train/titli_call/XC138218_10.wav,blackbird
/home/maulik/Desktop/Maulik_Gupta/Documents/jatayu_open-unmix-discontinued/datasets/data/train/titli_call/XC140639_0.wav,blackbird
/home/maulik/Desktop/Maulik_Gupta/Documents/jatayu_open-unmix-discontinued/datasets/data/train/titli_call/XC140639_1.wav,blackbird
/home/maulik/Desktop/Maulik_Gupta/Documents/jatayu_open-unmix-discontinued/datasets/data/train/titli_call/XC140639_2.wav,blackbird
/home/maulik/Desktop/Maulik_Gupta/Documents/jatayu_open-unmix-discontinued/datasets/data/train/titli_call/XC140639_3.wav,blackbird
/home/maulik/Desktop/Maulik_Gupta/Documents/jatayu_open-unmix-discontinued/datasets/data/train/titli_call/XC140639_4.wav,blackbird
/home/maulik/Desktop/Maulik_Gupta/Documents/jatayu_open-unmix-discontinued/datasets/data/train/titli_call/XC140642_0.wav,blackbird
/home/maulik/Desktop/Maulik_Gupta/Documents/jatayu_open-unmix-discontinued/datasets/data/train/titli_call/XC140642_1.wav,blackbird
/home/maulik/Desktop/Maulik_Gupta/Documents/jatayu_open-unmix-discontinued/datasets/data/train/titli_call/XC140642_2.wav,blackbird
/home/maulik/Desktop/Maulik_Gupta/Documents/jatayu_open-unmix-discontinued/datasets/data/train/titli_call/XC140642_3.wav,blackbird
/home/maulik/Desktop/Maulik_Gupta/Documents/jatayu_open-unmix-discontinued/datasets/data/train/titli_call/XC140642_4.wav,blackbird
/home/maulik/Desktop/Maulik_Gupta/Documents/jatayu_open-unmix-discontinued/datasets/data/train/titli_call/XC140642_5.wav,blackbird
/home/maulik/Desktop/Maulik_Gupta/Documents/jatayu_open-unmix-discontinued/datasets/data/train/titli_call/XC140642_6.wav,blackbird
/home/maulik/Desktop/Maulik_Gupta/Documents/jatayu_open-unmix-discontinued/datasets/data/train/titli_call/XC140642_7.wav,blackbird
/home/maulik/Desktop/Maulik_Gupta/Documents/jatayu_open-unmix-discontinued/datasets/data/train/titli_call/XC140642_8.wav,blackbird
/home/maulik/Desktop/Maulik_Gupta/Documents/jatayu_open-unmix-discontinued/datasets/data/train/titli_call/XC140642_9.wav,blackbird
/home/maulik/Desktop/Maulik_Gupta/Documents/jatayu_open-unmix-discontinued/datasets/data/train/titli_call/XC140642_10.wav,blackbird
/home/maulik/Desktop/Maulik_Gupta/Documents/jatayu_open-unmix-discontinued/datasets/data/train/titli_call/XC140642_11.wav,blackbird
/home/maulik/Desktop/Maulik_Gupta/Documents/jatayu_open-unmix-discontinued/datasets/data/train/titli_call/XC140642_12.wav,blackbird
/home/maulik/Desktop/Maulik_Gupta/Documents/jatayu_open-unmix-discontinued/datasets/data/train/titli_call/XC140642_13.wav,blackbird
/home/maulik/Desktop/Maulik_Gupta/Documents/jatayu_open-unmix-discontinued/datasets/data/train/titli_call/XC140642_14.wav,blackbird
/home/maulik/Desktop/Maulik_Gupta/Documents/jatayu_open-unmix-discontinued/datasets/data/train/titli_call/XC140642_15.wav,blackbird
/home/maulik/Desktop/Maulik_Gupta/Documents/jatayu_open-unmix-discontinued/datasets/data/train/titli_call/XC140642_16.wav,blackbird
/home/maulik/Desktop/Maulik_Gupta/Documents/jatayu_open-unmix-discontinued/datasets/data/train/titli_call/XC140642_17.wav,blackbird
/home/maulik/Desktop/Maulik_Gupta/Documents/jatayu_open-unmix-discontinued/datasets/data/train/titli_call/XC140642_18.wav,blackbird
/home/maulik/Desktop/Maulik_Gupta/Documents/jatayu_open-unmix-discontinued/datasets/data/train/titli_call/XC140642_19.wav,blackbird
/home/maulik/Desktop/Maulik_Gupta/Documents/jatayu_open-unmix-discontinued/datasets/data/train/titli_call/XC141873_0.wav,blackbird
/home/maulik/Desktop/Maulik_Gupta/Documents/jatayu_open-unmix-discontinued/datasets/data/train/titli_call/XC141873_1.wav,blackbird
/home/maulik/Desktop/Maulik_Gupta/Documents/jatayu_open-unmix-discontinued/datasets/data/train/titli_call/XC141873_2.wav,blackbird
/home/maulik/Desktop/Maulik_Gupta/Documents/jatayu_open-unmix-discontinued/datasets/data/train/titli_call/XC141873_3.wav,blackbird
/home/maulik/Desktop/Maulik_Gupta/Documents/jatayu_open-unmix-discontinued/datasets/data/train/titli_call/XC141873_4.wav,blackbird
/home/maulik/Desktop/Maulik_Gupta/Documents/jatayu_open-unmix-discontinued/datasets/data/train/titli_call/XC141873_5.wav,blackbird
/home/maulik/Desktop/Maulik_Gupta/Documents/jatayu_open-unmix-discontinued/datasets/data/train/titli_call/XC141875_0.wav,blackbird
/home/maulik/Desktop/Maulik_Gupta/Documents/jatayu_open-unmix-discontinued/datasets/data/train/titli_call/XC141875_1.wav,blackbird
/home/maulik/Desktop/Maulik_Gupta/Documents/jatayu_open-unmix-discontinued/datasets/data/train/titli_call/XC141875_2.wav,blackbird
/home/maulik/Desktop/Maulik_Gupta/Documents/jatayu_open-unmix-discontinued/datasets/data/train/titli_call/XC141875_3.wav,blackbird
/home/maulik/Desktop/Maulik_Gupta/Documents/jatayu_open-unmix-discontinued/datasets/data/train/titli_call/XC141875_4.wav,blackbird
/home/maulik/Desktop/Maulik_Gupta/Documents/jatayu_open-unmix-discontinued/datasets/data/train/titli_call/XC141875_5.wav,blackbird
/home/maulik/Desktop/Maulik_Gupta/Documents/jatayu_open-unmix-discontinued/datasets/data/train/titli_call/XC141875_6.wav,blackbird
/home/maulik/Desktop/Maulik_Gupta/Documents/jatayu_open-unmix-discontinued/datasets/data/train/titli_call/XC141877_0.wav,blackbird
/home/maulik/Desktop/Maulik_Gupta/Documents/jatayu_open-unmix-discontinued/datasets/data/train/titli_call/XC141877_1.wav,blackbird
/home/maulik/Desktop/Maulik_Gupta/Documents/jatayu_open-unmix-discontinued/datasets/data/train/titli_call/XC141877_2.wav,blackbird
/home/maulik/Desktop/Maulik_Gupta/Documents/jatayu_open-unmix-discontinued/datasets/data/train/titli_call/XC141877_3.wav,blackbird
/home/maulik/Desktop/Maulik_Gupta/Documents/jatayu_open-unmix-discontinued/datasets/data/train/titli_call/XC141877_4.wav,blackbird
/home/maulik/Desktop/Maulik_Gupta/Documents/jatayu_open-unmix-discontinued/datasets/data/train/titli_call/XC141877_5.wav,blackbird
/home/maulik/Desktop/Maulik_Gupta/Documents/jatayu_open-unmix-discontinued/datasets/data/train/titli_call/XC141877_6.wav,blackbird
/home/maulik/Desktop/Maulik_Gupta/Documents/jatayu_open-unmix-discontinued/datasets/data/train/titli_call/XC141877_7.wav,blackbird
/home/maulik/Desktop/Maulik_Gupta/Documents/jatayu_open-unmix-discontinued/datasets/data/train/titli_call/XC141877_8.wav,blackbird
/home/maulik/Desktop/Maulik_Gupta/Documents/jatayu_open-unmix-discontinued/datasets/data/train/titli_call/XC141877_9.wav,blackbird
/home/maulik/Desktop/Maulik_Gupta/Documents/jatayu_open-unmix-discontinued/datasets/data/train/titli_call/XC141877_10.wav,blackbird
/home/maulik/Desktop/Maulik_Gupta/Documents/jatayu_open-unmix-discontinued/datasets/data/train/titli_call/XC141877_11.wav,blackbird
/home/maulik/Desktop/Maulik_Gupta/Documents/jatayu_open-unmix-discontinued/datasets/data/train/titli_call/XC141877_12.wav,blackbird
/home/maulik/Desktop/Maulik_Gupta/Documents/jatayu_open-unmix-discontinued/datasets/data/train/titli_call/XC141877_13.wav,blackbird
/home/maulik/Desktop/Maulik_Gupta/Documents/jatayu_open-unmix-discontinued/datasets/data/train/titli_call/XC141877_14.wav,blackbird
/home/maulik/Desktop/Maulik_Gupta/Documents/jatayu_open-unmix-discontinued/datasets/data/train/titli_call/XC141877_15.wav,blackbird
/home/maulik/Desktop/Maulik_Gupta/Documents/jatayu_open-unmix-discontinued/datasets/data/train/titli_call/XC141877_16.wav,blackbird
/home/maulik/Desktop/Maulik_Gupta/Documents/jatayu_open-unmix-discontinued/datasets/data/train/titli_call/XC141877_17.wav,blackbird
/home/maulik/Desktop/Maulik_Gupta/Documents/jatayu_open-unmix-discontinued/datasets/data/train/titli_call/XC143630_0.wav,blackbird
/home/maulik/Desktop/Maulik_Gupta/Documents/jatayu_open-unmix-discontinued/datasets/data/train/titli_call/XC143630_1.wav,blackbird
/home/maulik/Desktop/Maulik_Gupta/Documents/jatayu_open-unmix-discontinued/datasets/data/train/titli_call/XC143630_2.wav,blackbird
/home/maulik/Desktop/Maulik_Gupta/Documents/jatayu_open-unmix-discontinued/datasets/data/train/titli_call/XC143630_3.wav,blackbird
/home/maulik/Desktop/Maulik_Gupta/Documents/jatayu_open-unmix-discontinued/datasets/data/train/titli_call/XC143630_4.wav,blackbird
/home/maulik/Desktop/Maulik_Gupta/Documents/jatayu_open-unmix-discontinued/datasets/data/train/titli_call/XC143630_5.wav,blackbird
/home/maulik/Desktop/Maulik_Gupta/Documents/jatayu_open-unmix-discontinued/datasets/data/train/titli_call/XC143630_6.wav,blackbird
/home/maulik/Desktop/Maulik_Gupta/Documents/jatayu_open-unmix-discontinued/datasets/data/train/titli_call/XC143630_7.wav,blackbird
/home/maulik/Desktop/Maulik_Gupta/Documents/jatayu_open-unmix-discontinued/datasets/data/train/titli_call/XC143630_8.wav,blackbird
/home/maulik/Desktop/Maulik_Gupta/Documents/jatayu_open-unmix-discontinued/datasets/data/train/titli_call/XC143630_9.wav,blackbird
/home/maulik/Desktop/Maulik_Gupta/Documents/jatayu_open-unmix-discontinued/datasets/data/train/titli_call/XC143630_10.wav,blackbird
/home/maulik/Desktop/Maulik_Gupta/Documents/jatayu_open-unmix-discontinued/datasets/data/train/titli_call/XC143630_11.wav,blackbird
/home/maulik/Desktop/Maulik_Gupta/Documents/jatayu_open-unmix-discontinued/datasets/data/train/titli_call/XC143630_12.wav,blackbird
/home/maulik/Desktop/Maulik_Gupta/Documents/jatayu_open-unmix-discontinued/datasets/data/train/titli_call/XC143630_13.wav,blackbird
/home/maulik/Desktop/Maulik_Gupta/Documents/jatayu_open-unmix-discontinued/datasets/data/train/titli_call/XC143630_14.wav,blackbird
/home/maulik/Desktop/Maulik_Gupta/Documents/jatayu_open-unmix-discontinued/datasets/data/train/titli_call/XC143630_15.wav,blackbird
/home/maulik/Desktop/Maulik_Gupta/Documents/jatayu_open-unmix-discontinued/datasets/data/train/titli_call/XC143630_16.wav,blackbird
/home/maulik/Desktop/Maulik_Gupta/Documents/jatayu_open-unmix-discontinued/datasets/data/train/titli_call/XC143630_17.wav,blackbird
/home/maulik/Desktop/Maulik_Gupta/Documents/jatayu_open-unmix-discontinued/datasets/data/train/titli_call/XC143630_18.wav,blackbird
/home/maulik/Desktop/Maulik_Gupta/Documents/jatayu_open-unmix-discontinued/datasets/data/train/titli_call/XC143630_19.wav,blackbird
/home/maulik/Desktop/Maulik_Gupta/Documents/jatayu_open-unmix-discontinued/datasets/data/train/titli_call/XC143630_20.wav,blackbird
/home/maulik/Desktop/Maulik_Gupta/Documents/jatayu_open-unmix-discontinued/datasets/data/train/titli_call/XC143630_21.wav,blackbird
/home/maulik/Desktop/Maulik_Gupta/Documents/jatayu_open-unmix-discontinued/datasets/data/train/titli_call/XC143630_22.wav,blackbird
/home/maulik/Desktop/Maulik_Gupta/Documents/jatayu_open-unmix-discontinued/datasets/data/train/titli_call/XC143630_23.wav,blackbird
/home/maulik/Desktop/Maulik_Gupta/Documents/jatayu_open-unmix-discontinued/datasets/data/train/titli_call/XC143630_24.wav,blackbird
/home/maulik/Desktop/Maulik_Gupta/Documents/jatayu_open-unmix-discontinued/datasets/data/train/titli_call/XC143630_25.wav,blackbird
/home/maulik/Desktop/Maulik_Gupta/Documents/jatayu_open-unmix-discontinued/datasets/data/train/titli_call/XC143630_26.wav,blackbird
/home/maulik/Desktop/Maulik_Gupta/Documents/jatayu_open-unmix-discontinued/datasets/data/train/titli_call/XC143630_27.wav,blackbird
/home/maulik/Desktop/Maulik_Gupta/Documents/jatayu_open-unmix-discontinued/datasets/data/train/titli_call/XC143630_28.wav,blackbird
/home/maulik/Desktop/Maulik_Gupta/Documents/jatayu_open-unmix-discontinued/datasets/data/train/titli_call/XC143794_0.wav,blackbird
/home/maulik/Desktop/Maulik_Gupta/Documents/jatayu_open-unmix-discontinued/datasets/data/train/titli_call/XC143794_1.wav,blackbird
/home/maulik/Desktop/Maulik_Gupta/Documents/jatayu_open-unmix-discontinued/datasets/data/train/titli_call/XC143794_2.wav,blackbird
/home/maulik/Desktop/Maulik_Gupta/Documents/jatayu_open-unmix-discontinued/datasets/data/train/titli_call/XC143794_3.wav,blackbird
/home/maulik/Desktop/Maulik_Gupta/Documents/jatayu_open-unmix-discontinued/datasets/data/train/titli_call/XC143794_4.wav,blackbird
/home/maulik/Desktop/Maulik_Gupta/Documents/jatayu_open-unmix-discontinued/datasets/data/train/titli_call/XC143794_5.wav,blackbird
/home/maulik/Desktop/Maulik_Gupta/Documents/jatayu_open-unmix-discontinued/datasets/data/train/titli_call/XC143794_6.wav,blackbird
/home/maulik/Desktop/Maulik_Gupta/Documents/jatayu_open-unmix-discontinued/datasets/data/train/titli_call/XC143794_7.wav,blackbird
/home/maulik/Desktop/Maulik_Gupta/Documents/jatayu_open-unmix-discontinued/datasets/data/train/titli_call/XC143794_8.wav,blackbird
/home/maulik/Desktop/Maulik_Gupta/Documents/jatayu_open-unmix-discontinued/datasets/data/train/titli_call/XC143794_9.wav,blackbird
/home/maulik/Desktop/Maulik_Gupta/Documents/jatayu_open-unmix-discontinued/datasets/data/train/titli_call/XC143794_10.wav,blackbird
/home/maulik/Desktop/Maulik_Gupta/Documents/jatayu_open-unmix-discontinued/datasets/data/train/titli_call/XC143794_11.wav,blackbird
/home/maulik/Desktop/Maulik_Gupta/Documents/jatayu_open-unmix-discontinued/datasets/data/train/titli_call/XC143794_12.wav,blackbird
/home/maulik/Desktop/Maulik_Gupta/Documents/jatayu_open-unmix-discontinued/datasets/data/train/titli_call/XC146739_0.wav,blackbird
/home/maulik/Desktop/Maulik_Gupta/Documents/jatayu_open-unmix-discontinued/datasets/data/train/titli_call/XC146739_1.wav,blackbird
/home/maulik/Desktop/Maulik_Gupta/Documents/jatayu_open-unmix-discontinued/datasets/data/train/titli_call/XC146739_2.wav,blackbird
/home/maulik/Desktop/Maulik_Gupta/Documents/jatayu_open-unmix-discontinued/datasets/data/train/titli_call/XC146739_3.wav,blackbird
/home/maulik/Desktop/Maulik_Gupta/Documents/jatayu_open-unmix-discontinued/datasets/data/train/titli_call/XC146739_4.wav,blackbird
/home/maulik/Desktop/Maulik_Gupta/Documents/jatayu_open-unmix-discontinued/datasets/data/train/titli_call/XC146739_5.wav,blackbird
/home/maulik/Desktop/Maulik_Gupta/Documents/jatayu_open-unmix-discontinued/datasets/data/train/titli_call/XC146739_6.wav,blackbird
/home/maulik/Desktop/Maulik_Gupta/Documents/jatayu_open-unmix-discontinued/datasets/data/train/sparrow_call/XC31293_0.wav,sparrow
/home/maulik/Desktop/Maulik_Gupta/Documents/jatayu_open-unmix-discontinued/datasets/data/train/sparrow_call/XC31293_1.wav,sparrow
/home/maulik/Desktop/Maulik_Gupta/Documents/jatayu_open-unmix-discontinued/datasets/data/train/sparrow_call/XC31293_2.wav,sparrow
/home/maulik/Desktop/Maulik_Gupta/Documents/jatayu_open-unmix-discontinued/datasets/data/train/sparrow_call/XC46819_0.wav,sparrow
/home/maulik/Desktop/Maulik_Gupta/Documents/jatayu_open-unmix-discontinued/datasets/data/train/sparrow_call/XC46819_1.wav,sparrow
/home/maulik/Desktop/Maulik_Gupta/Documents/jatayu_open-unmix-discontinued/datasets/data/train/sparrow_call/XC138869_0.wav,sparrow
/home/maulik/Desktop/Maulik_Gupta/Documents/jatayu_open-unmix-discontinued/datasets/data/train/sparrow_call/XC138869_1.wav,sparrow
/home/maulik/Desktop/Maulik_Gupta/Documents/jatayu_open-unmix-discontinued/datasets/data/train/sparrow_call/XC138869_2.wav,sparrow
/home/maulik/Desktop/Maulik_Gupta/Documents/jatayu_open-unmix-discontinued/datasets/data/train/sparrow_call/XC138869_3.wav,sparrow
/home/maulik/Desktop/Maulik_Gupta/Documents/jatayu_open-unmix-discontinued/datasets/data/train/sparrow_call/XC138869_4.wav,sparrow
/home/maulik/Desktop/Maulik_Gupta/Documents/jatayu_open-unmix-discontinued/datasets/data/train/sparrow_call/XC138869_5.wav,sparrow
/home/maulik/Desktop/Maulik_Gupta/Documents/jatayu_open-unmix-discontinued/datasets/data/train/sparrow_call/XC142387_0.wav,sparrow
/home/maulik/Desktop/Maulik_Gupta/Documents/jatayu_open-unmix-discontinued/datasets/data/train/sparrow_call/XC142387_1.wav,sparrow
/home/maulik/Desktop/Maulik_Gupta/Documents/jatayu_open-unmix-discontinued/datasets/data/train/sparrow_call/XC142387_2.wav,sparrow
/home/maulik/Desktop/Maulik_Gupta/Documents/jatayu_open-unmix-discontinued/datasets/data/train/sparrow_call/XC142387_3.wav,sparrow
/home/maulik/Desktop/Maulik_Gupta/Documents/jatayu_open-unmix-discontinued/datasets/data/train/sparrow_call/XC286522_0.wav,sparrow
/home/maulik/Desktop/Maulik_Gupta/Documents/jatayu_open-unmix-discontinued/datasets/data/train/sparrow_call/XC294347_0.wav,sparrow
/home/maulik/Desktop/Maulik_Gupta/Documents/jatayu_open-unmix-discontinued/datasets/data/train/sparrow_call/XC294347_1.wav,sparrow
/home/maulik/Desktop/Maulik_Gupta/Documents/jatayu_open-unmix-discontinued/datasets/data/train/sparrow_call/XC294347_2.wav,sparrow
/home/maulik/Desktop/Maulik_Gupta/Documents/jatayu_open-unmix-discontinued/datasets/data/train/sparrow_call/XC304682_0.wav,sparrow
/home/maulik/Desktop/Maulik_Gupta/Documents/jatayu_open-unmix-discontinued/datasets/data/train/sparrow_call/XC304682_1.wav,sparrow
/home/maulik/Desktop/Maulik_Gupta/Documents/jatayu_open-unmix-discontinued/datasets/data/train/sparrow_call/XC304785_0.wav,sparrow
/home/maulik/Desktop/Maulik_Gupta/Documents/jatayu_open-unmix-discontinued/datasets/data/train/sparrow_call/XC304785_1.wav,sparrow
/home/maulik/Desktop/Maulik_Gupta/Documents/jatayu_open-unmix-discontinued/datasets/data/train/sparrow_call/XC304785_2.wav,sparrow
/home/maulik/Desktop/Maulik_Gupta/Documents/jatayu_open-unmix-discontinued/datasets/data/train/sparrow_call/XC304785_3.wav,sparrow
/home/maulik/Desktop/Maulik_Gupta/Documents/jatayu_open-unmix-discontinued/datasets/data/train/sparrow_call/XC304785_4.wav,sparrow
/home/maulik/Desktop/Maulik_Gupta/Documents/jatayu_open-unmix-discontinued/datasets/data/train/sparrow_call/XC304785_5.wav,sparrow
/home/maulik/Desktop/Maulik_Gupta/Documents/jatayu_open-unmix-discontinued/datasets/data/train/sparrow_call/XC304785_6.wav,sparrow
/home/maulik/Desktop/Maulik_Gupta/Documents/jatayu_open-unmix-discontinued/datasets/data/train/sparrow_call/XC304785_7.wav,sparrow
/home/maulik/Desktop/Maulik_Gupta/Documents/jatayu_open-unmix-discontinued/datasets/data/train/sparrow_call/XC304785_8.wav,sparrow
/home/maulik/Desktop/Maulik_Gupta/Documents/jatayu_open-unmix-discontinued/datasets/data/train/sparrow_call/XC304785_9.wav,sparrow
/home/maulik/Desktop/Maulik_Gupta/Documents/jatayu_open-unmix-discontinued/datasets/data/train/sparrow_call/XC304785_10.wav,sparrow
/home/maulik/Desktop/Maulik_Gupta/Documents/jatayu_open-unmix-discontinued/datasets/data/train/sparrow_call/XC304785_11.wav,sparrow
/home/maulik/Desktop/Maulik_Gupta/Documents/jatayu_open-unmix-discontinued/datasets/data/train/sparrow_call/XC304785_12.wav,sparrow
/home/maulik/Desktop/Maulik_Gupta/Documents/jatayu_open-unmix-discontinued/datasets/data/train/sparrow_call/XC304785_13.wav,sparrow
/home/maulik/Desktop/Maulik_Gupta/Documents/jatayu_open-unmix-discontinued/datasets/data/train/sparrow_call/XC304785_14.wav,sparrow
/home/maulik/Desktop/Maulik_Gupta/Documents/jatayu_open-unmix-discontinued/datasets/data/train/sparrow_call/XC304785_15.wav,sparrow
/home/maulik/Desktop/Maulik_Gupta/Documents/jatayu_open-unmix-discontinued/datasets/data/train/sparrow_call/XC304785_16.wav,sparrow
/home/maulik/Desktop/Maulik_Gupta/Documents/jatayu_open-unmix-discontinued/datasets/data/train/sparrow_call/XC304785_17.wav,sparrow
/home/maulik/Desktop/Maulik_Gupta/Documents/jatayu_open-unmix-discontinued/datasets/data/train/sparrow_call/XC316737_0.wav,sparrow
/home/maulik/Desktop/Maulik_Gupta/Documents/jatayu_open-unmix-discontinued/datasets/data/train/sparrow_call/XC378020_0.wav,sparrow
/home/maulik/Desktop/Maulik_Gupta/Documents/jatayu_open-unmix-discontinued/datasets/data/train/sparrow_call/XC378020_1.wav,sparrow
/home/maulik/Desktop/Maulik_Gupta/Documents/jatayu_open-unmix-discontinued/datasets/data/train/sparrow_call/XC424886_0.wav,sparrow
/home/maulik/Desktop/Maulik_Gupta/Documents/jatayu_open-unmix-discontinued/datasets/data/train/sparrow_call/XC424886_1.wav,sparrow
/home/maulik/Desktop/Maulik_Gupta/Documents/jatayu_open-unmix-discontinued/datasets/data/train/sparrow_call/XC424886_2.wav,sparrow
/home/maulik/Desktop/Maulik_Gupta/Documents/jatayu_open-unmix-discontinued/datasets/data/train/sparrow_call/XC424886_3.wav,sparrow
/home/maulik/Desktop/Maulik_Gupta/Documents/jatayu_open-unmix-discontinued/datasets/data/train/sparrow_call/XC426161_0.wav,sparrow
/home/maulik/Desktop/Maulik_Gupta/Documents/jatayu_open-unmix-discontinued/datasets/data/train/sparrow_call/XC431107_0.wav,sparrow
/home/maulik/Desktop/Maulik_Gupta/Documents/jatayu_open-unmix-discontinued/datasets/data/train/sparrow_call/XC431107_1.wav,sparrow
/home/maulik/Desktop/Maulik_Gupta/Documents/jatayu_open-unmix-discontinued/datasets/data/train/sparrow_call/XC431107_2.wav,sparrow
/home/maulik/Desktop/Maulik_Gupta/Documents/jatayu_open-unmix-discontinued/datasets/data/train/sparrow_call/XC431107_3.wav,sparrow
/home/maulik/Desktop/Maulik_Gupta/Documents/jatayu_open-unmix-discontinued/datasets/data/train/sparrow_call/XC431107_4.wav,sparrow
/home/maulik/Desktop/Maulik_Gupta/Documents/jatayu_open-unmix-discontinued/datasets/data/train/sparrow_call/XC470204_0.wav,sparrow
/home/maulik/Desktop/Maulik_Gupta/Documents/jatayu_open-unmix-discontinued/datasets/data/train/sparrow_call/XC470204_1.wav,sparrow
/home/maulik/Desktop/Maulik_Gupta/Documents/jatayu_open-unmix-discontinued/datasets/data/train/sparrow_call/XC470204_2.wav,sparrow
/home/maulik/Desktop/Maulik_Gupta/Documents/jatayu_open-unmix-discontinued/datasets/data/train/sparrow_call/XC470207_0.wav,sparrow
/home/maulik/Desktop/Maulik_Gupta/Documents/jatayu_open-unmix-discontinued/datasets/data/train/sparrow_call/XC470207_1.wav,sparrow
/home/maulik/Desktop/Maulik_Gupta/Documents/jatayu_open-unmix-discontinued/datasets/data/train/sparrow_call/XC470207_2.wav,sparrow
/home/maulik/Desktop/Maulik_Gupta/Documents/jatayu_open-unmix-discontinued/datasets/data/train/sparrow_call/XC470207_3.wav,sparrow
/home/maulik/Desktop/Maulik_Gupta/Documents/jatayu_open-unmix-discontinued/datasets/data/train/sparrow_call/XC470207_4.wav,sparrow
/home/maulik/Desktop/Maulik_Gupta/Documents/jatayu_open-unmix-discontinued/datasets/data/train/sparrow_call/XC470207_5.wav,sparrow
/home/maulik/Desktop/Maulik_Gupta/Documents/jatayu_open-unmix-discontinued/datasets/data/train/sparrow_call/XC470207_6.wav,sparrow
/home/maulik/Desktop/Maulik_Gupta/Documents/jatayu_open-unmix-discontinued/datasets/data/train/sparrow_call/XC470207_7.wav,sparrow
/home/maulik/Desktop/Maulik_Gupta/Documents/jatayu_open-unmix-discontinued/datasets/data/train/sparrow_call/XC470207_8.wav,sparrow
/home/maulik/Desktop/Maulik_Gupta/Documents/jatayu_open-unmix-discontinued/datasets/data/train/sparrow_call/XC470207_9.wav,sparrow
/home/maulik/Desktop/Maulik_Gupta/Documents/jatayu_open-unmix-discontinued/datasets/data/train/sparrow_call/XC470207_10.wav,sparrow
/home/maulik/Desktop/Maulik_Gupta/Documents/jatayu_open-unmix-discontinued/datasets/data/train/sparrow_call/XC470207_11.wav,sparrow
/home/maulik/Desktop/Maulik_Gupta/Documents/jatayu_open-unmix-discontinued/datasets/data/train/sparrow_call/XC470207_12.wav,sparrow
/home/maulik/Desktop/Maulik_Gupta/Documents/jatayu_open-unmix-discontinued/datasets/data/train/sparrow_call/XC470207_13.wav,sparrow
/home/maulik/Desktop/Maulik_Gupta/Documents/jatayu_open-unmix-discontinued/datasets/data/train/sparrow_call/XC470207_14.wav,sparrow
/home/maulik/Desktop/Maulik_Gupta/Documents/jatayu_open-unmix-discontinued/datasets/data/train/sparrow_call/XC470207_15.wav,sparrow
/home/maulik/Desktop/Maulik_Gupta/Documents/jatayu_open-unmix-discontinued/datasets/data/train/sparrow_call/XC470207_16.wav,sparrow
/home/maulik/Desktop/Maulik_Gupta/Documents/jatayu_open-unmix-discontinued/datasets/data/train/sparrow_call/XC470207_17.wav,sparrow
/home/maulik/Desktop/Maulik_Gupta/Documents/jatayu_open-unmix-discontinued/datasets/data/train/sparrow_call/XC470207_18.wav,sparrow
/home/maulik/Desktop/Maulik_Gupta/Documents/jatayu_open-unmix-discontinued/datasets/data/train/sparrow_call/XC470207_19.wav,sparrow
/home/maulik/Desktop/Maulik_Gupta/Documents/jatayu_open-unmix-discontinued/datasets/data/train/sparrow_call/XC470207_20.wav,sparrow
/home/maulik/Desktop/Maulik_Gupta/Documents/jatayu_open-unmix-discontinued/datasets/data/train/sparrow_call/XC470207_21.wav,sparrow
/home/maulik/Desktop/Maulik_Gupta/Documents/jatayu_open-unmix-discontinued/datasets/data/train/sparrow_call/XC470207_22.wav,sparrow
/home/maulik/Desktop/Maulik_Gupta/Documents/jatayu_open-unmix-discontinued/datasets/data/train/sparrow_call/XC470207_23.wav,sparrow
/home/maulik/Desktop/Maulik_Gupta/Documents/jatayu_open-unmix-discontinued/datasets/data/train/sparrow_call/XC470207_24.wav,sparrow
/home/maulik/Desktop/Maulik_Gupta/Documents/jatayu_open-unmix-discontinued/datasets/data/train/sparrow_call/XC470207_25.wav,sparrow
/home/maulik/Desktop/Maulik_Gupta/Documents/jatayu_open-unmix-discontinued/datasets/data/train/sparrow_call/XC470207_26.wav,sparrow
/home/maulik/Desktop/Maulik_Gupta/Documents/jatayu_open-unmix-discontinued/datasets/data/train/sparrow_call/XC470207_27.wav,sparrow
/home/maulik/Desktop/Maulik_Gupta/Documents/jatayu_open-unmix-discontinued/datasets/data/train/sparrow_call/XC470207_28.wav,sparrow
/home/maulik/Desktop/Maulik_Gupta/Documents/jatayu_open-unmix-discontinued/datasets/data/train/sparrow_call/XC470207_29.wav,sparrow
/home/maulik/Desktop/Maulik_Gupta/Documents/jatayu_open-unmix-discontinued/datasets/data/train/sparrow_call/XC470207_30.wav,sparrow
/home/maulik/Desktop/Maulik_Gupta/Documents/jatayu_open-unmix-discontinued/datasets/data/train/sparrow_call/XC470210_0.wav,sparrow
/home/maulik/Desktop/Maulik_Gupta/Documents/jatayu_open-unmix-discontinued/datasets/data/train/sparrow_call/XC470210_1.wav,sparrow
/home/maulik/Desktop/Maulik_Gupta/Documents/jatayu_open-unmix-discontinued/datasets/data/train/sparrow_call/XC470210_2.wav,sparrow
/home/maulik/Desktop/Maulik_Gupta/Documents/jatayu_open-unmix-discontinued/datasets/data/train/sparrow_call/XC470210_3.wav,sparrow
/home/maulik/Desktop/Maulik_Gupta/Documents/jatayu_open-unmix-discontinued/datasets/data/train/sparrow_call/XC470210_4.wav,sparrow
/home/maulik/Desktop/Maulik_Gupta/Documents/jatayu_open-unmix-discontinued/datasets/data/train/sparrow_call/XC470210_5.wav,sparrow
/home/maulik/Desktop/Maulik_Gupta/Documents/jatayu_open-unmix-discontinued/datasets/data/train/sparrow_call/XC470210_6.wav,sparrow
/home/maulik/Desktop/Maulik_Gupta/Documents/jatayu_open-unmix-discontinued/datasets/data/train/sparrow_call/XC470210_7.wav,sparrow
/home/maulik/Desktop/Maulik_Gupta/Documents/jatayu_open-unmix-discontinued/datasets/data/train/sparrow_call/XC470210_8.wav,sparrow
/home/maulik/Desktop/Maulik_Gupta/Documents/jatayu_open-unmix-discontinued/datasets/data/train/sparrow_call/XC470210_9.wav,sparrow
/home/maulik/Desktop/Maulik_Gupta/Documents/jatayu_open-unmix-discontinued/datasets/data/train/sparrow_call/XC470210_10.wav,sparrow
/home/maulik/Desktop/Maulik_Gupta/Documents/jatayu_open-unmix-discontinued/datasets/data/train/sparrow_call/XC470210_11.wav,sparrow
/home/maulik/Desktop/Maulik_Gupta/Documents/jatayu_open-unmix-discontinued/datasets/data/train/sparrow_call/XC483343_0.wav,sparrow
/home/maulik/Desktop/Maulik_Gupta/Documents/jatayu_open-unmix-discontinued/datasets/data/train/sparrow_call/XC511277_0.wav,sparrow
/home/maulik/Desktop/Maulik_Gupta/Documents/jatayu_open-unmix-discontinued/datasets/data/train/sparrow_call/XC511277_1.wav,sparrow
/home/maulik/Desktop/Maulik_Gupta/Documents/jatayu_open-unmix-discontinued/datasets/data/train/sparrow_call/XC511277_2.wav,sparrow
/home/maulik/Desktop/Maulik_Gupta/Documents/jatayu_open-unmix-discontinued/datasets/data/train/sparrow_call/XC511277_3.wav,sparrow
/home/maulik/Desktop/Maulik_Gupta/Documents/jatayu_open-unmix-discontinued/datasets/data/train/sparrow_call/XC511277_4.wav,sparrow
/home/maulik/Desktop/Maulik_Gupta/Documents/jatayu_open-unmix-discontinued/datasets/data/train/sparrow_call/XC511277_5.wav,sparrow
